<?xml version="1.0" standalone="yes"?>
<AdventureWorks2000DataSet xmlns="http://tempuri.org/AdventureWorks2000DataSet.xsd">
  <vSales>
    <ProdCat>Component</ProdCat>
    <SubCat>Wheel</SubCat>
    <OrderYear>2002</OrderYear>
    <OrderQtr>Q4</OrderQtr>
    <Sales>204276.2973</Sales>
  </vSales>
  <vSales>
    <ProdCat>Component</ProdCat>
    <SubCat>Saddle</SubCat>
    <OrderYear>2003</OrderYear>
    <OrderQtr>Q4</OrderQtr>
    <Sales>68441.3552</Sales>
  </vSales>
  <vSales>
    <ProdCat>Clothing</ProdCat>
    <SubCat>Jersey</SubCat>
    <OrderYear>2003</OrderYear>
    <OrderQtr>Q4</OrderQtr>
    <Sales>300465.7950</Sales>
  </vSales>
  <vSales>
    <ProdCat>Bike</ProdCat>
    <SubCat>Touring Bike</SubCat>
    <OrderYear>2003</OrderYear>
    <OrderQtr>Q4</OrderQtr>
    <Sales>3763461.0256</Sales>
  </vSales>
  <vSales>
    <ProdCat>Accessory</ProdCat>
    <SubCat>Bottles &amp; Cages</SubCat>
    <OrderYear>2003</OrderYear>
    <OrderQtr>Q3</OrderQtr>
    <Sales>31782.1380</Sales>
  </vSales>
  <vSales>
    <ProdCat>Clothing</ProdCat>
    <SubCat>Tights</SubCat>
    <OrderYear>2003</OrderYear>
    <OrderQtr>Q2</OrderQtr>
    <Sales>56298.7425</Sales>
  </vSales>
  <vSales>
    <ProdCat>Component</ProdCat>
    <SubCat>Bottom Bracket</SubCat>
    <OrderYear>2003</OrderYear>
    <OrderQtr>Q3</OrderQtr>
    <Sales>23334.9960</Sales>
  </vSales>
  <vSales>
    <ProdCat>Component</ProdCat>
    <SubCat>Crankset</SubCat>
    <OrderYear>2003</OrderYear>
    <OrderQtr>Q1</OrderQtr>
    <Sales>13599.9600</Sales>
  </vSales>
  <vSales>
    <ProdCat>Accessory</ProdCat>
    <SubCat>Pumps</SubCat>
    <OrderYear>2002</OrderYear>
    <OrderQtr>Q4</OrderQtr>
    <Sales>8196.0252</Sales>
  </vSales>
  <vSales>
    <ProdCat>Accessory</ProdCat>
    <SubCat>Locks</SubCat>
    <OrderYear>2003</OrderYear>
    <OrderQtr>Q4</OrderQtr>
    <Sales>1229.8500</Sales>
  </vSales>
  <vSales>
    <ProdCat>Component</ProdCat>
    <SubCat>Derailleur</SubCat>
    <OrderYear>2003</OrderYear>
    <OrderQtr>Q3</OrderQtr>
    <Sales>46430.8400</Sales>
  </vSales>
  <vSales>
    <ProdCat>Component</ProdCat>
    <SubCat>Headset</SubCat>
    <OrderYear>2002</OrderYear>
    <OrderQtr>Q3</OrderQtr>
    <Sales>24565.2028</Sales>
  </vSales>
  <vSales>
    <ProdCat>Clothing</ProdCat>
    <SubCat>Gloves</SubCat>
    <OrderYear>2003</OrderYear>
    <OrderQtr>Q2</OrderQtr>
    <Sales>57939.9187</Sales>
  </vSales>
  <vSales>
    <ProdCat>Clothing</ProdCat>
    <SubCat>Vest</SubCat>
    <OrderYear>2003</OrderYear>
    <OrderQtr>Q4</OrderQtr>
    <Sales>94783.6500</Sales>
  </vSales>
  <vSales>
    <ProdCat>Component</ProdCat>
    <SubCat>Handlebars  </SubCat>
    <OrderYear>2003</OrderYear>
    <OrderQtr>Q1</OrderQtr>
    <Sales>13139.0678</Sales>
  </vSales>
  <vSales>
    <ProdCat>Component</ProdCat>
    <SubCat>Brakes</SubCat>
    <OrderYear>2002</OrderYear>
    <OrderQtr>Q1</OrderQtr>
    <Sales>3399.9900</Sales>
  </vSales>
  <vSales>
    <ProdCat>Accessory</ProdCat>
    <SubCat>Bottles &amp; Cages</SubCat>
    <OrderYear>2003</OrderYear>
    <OrderQtr>Q2</OrderQtr>
    <Sales>1214.8500</Sales>
  </vSales>
  <vSales>
    <ProdCat>Component</ProdCat>
    <SubCat>Handlebars  </SubCat>
    <OrderYear>2003</OrderYear>
    <OrderQtr>Q4</OrderQtr>
    <Sales>72543.4627</Sales>
  </vSales>
  <vSales>
    <ProdCat>Component</ProdCat>
    <SubCat>Brakes</SubCat>
    <OrderYear>2002</OrderYear>
    <OrderQtr>Q4</OrderQtr>
    <Sales>782.9900</Sales>
  </vSales>
  <vSales>
    <ProdCat>Component</ProdCat>
    <SubCat>Chain</SubCat>
    <OrderYear>2003</OrderYear>
    <OrderQtr>Q4</OrderQtr>
    <Sales>16240.8608</Sales>
  </vSales>
  <vSales>
    <ProdCat>Component</ProdCat>
    <SubCat>Mountain Frame</SubCat>
    <OrderYear>2003</OrderYear>
    <OrderQtr>Q3</OrderQtr>
    <Sales>1405118.8044</Sales>
  </vSales>
  <vSales>
    <ProdCat>Component</ProdCat>
    <SubCat>Road Frame</SubCat>
    <OrderYear>2002</OrderYear>
    <OrderQtr>Q3</OrderQtr>
    <Sales>1191875.9659</Sales>
  </vSales>
  <vSales>
    <ProdCat>Accessory</ProdCat>
    <SubCat>Pumps</SubCat>
    <OrderYear>2003</OrderYear>
    <OrderQtr>Q3</OrderQtr>
    <Sales>26544.1800</Sales>
  </vSales>
  <vSales>
    <ProdCat>Clothing</ProdCat>
    <SubCat>Jersey</SubCat>
    <OrderYear>2003</OrderYear>
    <OrderQtr>Q1</OrderQtr>
    <Sales>24200.1184</Sales>
  </vSales>
  <vSales>
    <ProdCat>Clothing</ProdCat>
    <SubCat>Socks</SubCat>
    <OrderYear>2002</OrderYear>
    <OrderQtr>Q1</OrderQtr>
    <Sales>1395.5500</Sales>
  </vSales>
  <vSales>
    <ProdCat>Accessory</ProdCat>
    <SubCat>Bike Stand</SubCat>
    <OrderYear>2003</OrderYear>
    <OrderQtr>Q4</OrderQtr>
    <Sales>16688.4900</Sales>
  </vSales>
  <vSales>
    <ProdCat>Accessory</ProdCat>
    <SubCat>Locks</SubCat>
    <OrderYear>2003</OrderYear>
    <OrderQtr>Q1</OrderQtr>
    <Sales>2205.0000</Sales>
  </vSales>
  <vSales>
    <ProdCat>Component</ProdCat>
    <SubCat>Road Frame</SubCat>
    <OrderYear>2003</OrderYear>
    <OrderQtr>Q2</OrderQtr>
    <Sales>617196.2410</Sales>
  </vSales>
  <vSales>
    <ProdCat>Component</ProdCat>
    <SubCat>Touring Frame</SubCat>
    <OrderYear>2002</OrderYear>
    <OrderQtr>Q2</OrderQtr>
    <Sales>3578.2700</Sales>
  </vSales>
  <vSales>
    <ProdCat>Bike</ProdCat>
    <SubCat>Road Bike</SubCat>
    <OrderYear>2002</OrderYear>
    <OrderQtr>Q3</OrderQtr>
    <Sales>4753299.0324</Sales>
  </vSales>
  <vSales>
    <ProdCat>Component</ProdCat>
    <SubCat>Headset</SubCat>
    <OrderYear>2003</OrderYear>
    <OrderQtr>Q4</OrderQtr>
    <Sales>16442.7900</Sales>
  </vSales>
  <vSales>
    <ProdCat>Clothing</ProdCat>
    <SubCat>Tights</SubCat>
    <OrderYear>2002</OrderYear>
    <OrderQtr>Q3</OrderQtr>
    <Sales>74929.9570</Sales>
  </vSales>
  <vSales>
    <ProdCat>Clothing</ProdCat>
    <SubCat>Shorts</SubCat>
    <OrderYear>2003</OrderYear>
    <OrderQtr>Q3</OrderQtr>
    <Sales>140248.4555</Sales>
  </vSales>
  <vSales>
    <ProdCat>Clothing</ProdCat>
    <SubCat>Cap</SubCat>
    <OrderYear>2002</OrderYear>
    <OrderQtr>Q4</OrderQtr>
    <Sales>5789.6826</Sales>
  </vSales>
  <vSales>
    <ProdCat>Bike</ProdCat>
    <SubCat>Road Bike</SubCat>
    <OrderYear>2003</OrderYear>
    <OrderQtr>Q2</OrderQtr>
    <Sales>3963847.2136</Sales>
  </vSales>
  <vSales>
    <ProdCat>Bike</ProdCat>
    <SubCat>Mountain Bike</SubCat>
    <OrderYear>2002</OrderYear>
    <OrderQtr>Q4</OrderQtr>
    <Sales>2841196.0341</Sales>
  </vSales>
  <vSales>
    <ProdCat>Component</ProdCat>
    <SubCat>Touring Frame</SubCat>
    <OrderYear>2003</OrderYear>
    <OrderQtr>Q3</OrderQtr>
    <Sales>1131882.1700</Sales>
  </vSales>
  <vSales>
    <ProdCat>Component</ProdCat>
    <SubCat>Saddle</SubCat>
    <OrderYear>2003</OrderYear>
    <OrderQtr>Q1</OrderQtr>
    <Sales>3131.9600</Sales>
  </vSales>
  <vSales>
    <ProdCat>Accessory</ProdCat>
    <SubCat>Hydration Pack</SubCat>
    <OrderYear>2003</OrderYear>
    <OrderQtr>Q3</OrderQtr>
    <Sales>29703.8820</Sales>
  </vSales>
  <vSales>
    <ProdCat>Accessory</ProdCat>
    <SubCat>Locks</SubCat>
    <OrderYear>2002</OrderYear>
    <OrderQtr>Q3</OrderQtr>
    <Sales>6360.0000</Sales>
  </vSales>
  <vSales>
    <ProdCat>Clothing</ProdCat>
    <SubCat>Cap</SubCat>
    <OrderYear>2002</OrderYear>
    <OrderQtr>Q1</OrderQtr>
    <Sales>1000.1286</Sales>
  </vSales>
  <vSales>
    <ProdCat>Component</ProdCat>
    <SubCat>Mountain Frame</SubCat>
    <OrderYear>2002</OrderYear>
    <OrderQtr>Q2</OrderQtr>
    <Sales>279236.6915</Sales>
  </vSales>
  <vSales>
    <ProdCat>Component</ProdCat>
    <SubCat>Fork</SubCat>
    <OrderYear>2003</OrderYear>
    <OrderQtr>Q2</OrderQtr>
    <Sales>29375.6058</Sales>
  </vSales>
  <vSales>
    <ProdCat>Bike</ProdCat>
    <SubCat>Touring Bike</SubCat>
    <OrderYear>2003</OrderYear>
    <OrderQtr>Q1</OrderQtr>
    <Sales>41130.2866</Sales>
  </vSales>
  <vSales>
    <ProdCat>Clothing</ProdCat>
    <SubCat>Gloves</SubCat>
    <OrderYear>2002</OrderYear>
    <OrderQtr>Q3</OrderQtr>
    <Sales>61223.3408</Sales>
  </vSales>
  <vSales>
    <ProdCat>Clothing</ProdCat>
    <SubCat>Bib-Short </SubCat>
    <OrderYear>2003</OrderYear>
    <OrderQtr>Q3</OrderQtr>
    <Sales>13713.2610</Sales>
  </vSales>
  <vSales>
    <ProdCat>Accessory</ProdCat>
    <SubCat>Helmet</SubCat>
    <OrderYear>2003</OrderYear>
    <OrderQtr>Q4</OrderQtr>
    <Sales>208135.0765</Sales>
  </vSales>
  <vSales>
    <ProdCat>Component</ProdCat>
    <SubCat>Handlebars  </SubCat>
    <OrderYear>2003</OrderYear>
    <OrderQtr>Q2</OrderQtr>
    <Sales>27702.7626</Sales>
  </vSales>
  <vSales>
    <ProdCat>Accessory</ProdCat>
    <SubCat>Bike Stand</SubCat>
    <OrderYear>2003</OrderYear>
    <OrderQtr>Q3</OrderQtr>
    <Sales>4768.1400</Sales>
  </vSales>
  <vSales>
    <ProdCat>Accessory</ProdCat>
    <SubCat>Cleaners</SubCat>
    <OrderYear>2002</OrderYear>
    <OrderQtr>Q3</OrderQtr>
    <Sales>143.1000</Sales>
  </vSales>
  <vSales>
    <ProdCat>Clothing</ProdCat>
    <SubCat>Vest</SubCat>
    <OrderYear>2003</OrderYear>
    <OrderQtr>Q2</OrderQtr>
    <Sales>2429.7000</Sales>
  </vSales>
  <vSales>
    <ProdCat>Component</ProdCat>
    <SubCat>Brakes</SubCat>
    <OrderYear>2003</OrderYear>
    <OrderQtr>Q3</OrderQtr>
    <Sales>60904.3900</Sales>
  </vSales>
  <vSales>
    <ProdCat>Clothing</ProdCat>
    <SubCat>Shorts</SubCat>
    <OrderYear>2003</OrderYear>
    <OrderQtr>Q4</OrderQtr>
    <Sales>112682.2035</Sales>
  </vSales>
  <vSales>
    <ProdCat>Clothing</ProdCat>
    <SubCat>Tights</SubCat>
    <OrderYear>2002</OrderYear>
    <OrderQtr>Q4</OrderQtr>
    <Sales>61904.2450</Sales>
  </vSales>
  <vSales>
    <ProdCat>Accessory</ProdCat>
    <SubCat>Tires &amp; Tubes</SubCat>
    <OrderYear>2003</OrderYear>
    <OrderQtr>Q4</OrderQtr>
    <Sales>53867.3660</Sales>
  </vSales>
  <vSales>
    <ProdCat>Component</ProdCat>
    <SubCat>Touring Frame</SubCat>
    <OrderYear>2003</OrderYear>
    <OrderQtr>Q4</OrderQtr>
    <Sales>879983.1730</Sales>
  </vSales>
  <vSales>
    <ProdCat>Component</ProdCat>
    <SubCat>Derailleur</SubCat>
    <OrderYear>2003</OrderYear>
    <OrderQtr>Q1</OrderQtr>
    <Sales>1565.9800</Sales>
  </vSales>
  <vSales>
    <ProdCat>Clothing</ProdCat>
    <SubCat>Socks</SubCat>
    <OrderYear>2003</OrderYear>
    <OrderQtr>Q3</OrderQtr>
    <Sales>30572.0473</Sales>
  </vSales>
  <vSales>
    <ProdCat>Clothing</ProdCat>
    <SubCat>Vest</SubCat>
    <OrderYear>2002</OrderYear>
    <OrderQtr>Q3</OrderQtr>
    <Sales>2214.9750</Sales>
  </vSales>
  <vSales>
    <ProdCat>Bike</ProdCat>
    <SubCat>Touring Bike</SubCat>
    <OrderYear>2003</OrderYear>
    <OrderQtr>Q2</OrderQtr>
    <Sales>30644.8900</Sales>
  </vSales>
  <vSales>
    <ProdCat>Clothing</ProdCat>
    <SubCat>Socks</SubCat>
    <OrderYear>2002</OrderYear>
    <OrderQtr>Q2</OrderQtr>
    <Sales>2111.8500</Sales>
  </vSales>
  <vSales>
    <ProdCat>Clothing</ProdCat>
    <SubCat>Jersey</SubCat>
    <OrderYear>2003</OrderYear>
    <OrderQtr>Q2</OrderQtr>
    <Sales>54947.6267</Sales>
  </vSales>
  <vSales>
    <ProdCat>Accessory</ProdCat>
    <SubCat>Helmet</SubCat>
    <OrderYear>2003</OrderYear>
    <OrderQtr>Q2</OrderQtr>
    <Sales>30718.3065</Sales>
  </vSales>
  <vSales>
    <ProdCat>Component</ProdCat>
    <SubCat>Saddle</SubCat>
    <OrderYear>2003</OrderYear>
    <OrderQtr>Q2</OrderQtr>
    <Sales>4697.9400</Sales>
  </vSales>
  <vSales>
    <ProdCat>Accessory</ProdCat>
    <SubCat>Bike Racks</SubCat>
    <OrderYear>2003</OrderYear>
    <OrderQtr>Q4</OrderQtr>
    <Sales>58048.1400</Sales>
  </vSales>
  <vSales>
    <ProdCat>Accessory</ProdCat>
    <SubCat>Helmet</SubCat>
    <OrderYear>2003</OrderYear>
    <OrderQtr>Q1</OrderQtr>
    <Sales>18865.6370</Sales>
  </vSales>
  <vSales>
    <ProdCat>Component</ProdCat>
    <SubCat>Bottom Bracket</SubCat>
    <OrderYear>2003</OrderYear>
    <OrderQtr>Q4</OrderQtr>
    <Sales>17153.5778</Sales>
  </vSales>
  <vSales>
    <ProdCat>Component</ProdCat>
    <SubCat>Bottom Bracket</SubCat>
    <OrderYear>2003</OrderYear>
    <OrderQtr>Q1</OrderQtr>
    <Sales>121.4900</Sales>
  </vSales>
  <vSales>
    <ProdCat>Clothing</ProdCat>
    <SubCat>Cap</SubCat>
    <OrderYear>2002</OrderYear>
    <OrderQtr>Q2</OrderQtr>
    <Sales>1612.5669</Sales>
  </vSales>
  <vSales>
    <ProdCat>Bike</ProdCat>
    <SubCat>Mountain Bike</SubCat>
    <OrderYear>2002</OrderYear>
    <OrderQtr>Q2</OrderQtr>
    <Sales>3024108.0392</Sales>
  </vSales>
  <vSales>
    <ProdCat>Component</ProdCat>
    <SubCat>Pedals</SubCat>
    <OrderYear>2003</OrderYear>
    <OrderQtr>Q3</OrderQtr>
    <Sales>102116.9044</Sales>
  </vSales>
  <vSales>
    <ProdCat>Component</ProdCat>
    <SubCat>Saddle</SubCat>
    <OrderYear>2002</OrderYear>
    <OrderQtr>Q3</OrderQtr>
    <Sales>782.9900</Sales>
  </vSales>
  <vSales>
    <ProdCat>Accessory</ProdCat>
    <SubCat>Panniers</SubCat>
    <OrderYear>2003</OrderYear>
    <OrderQtr>Q3</OrderQtr>
    <Sales>2384.0700</Sales>
  </vSales>
  <vSales>
    <ProdCat>Bike</ProdCat>
    <SubCat>Mountain Bike</SubCat>
    <OrderYear>2003</OrderYear>
    <OrderQtr>Q3</OrderQtr>
    <Sales>3241338.5239</Sales>
  </vSales>
  <vSales>
    <ProdCat>Bike</ProdCat>
    <SubCat>Touring Bike</SubCat>
    <OrderYear>2002</OrderYear>
    <OrderQtr>Q3</OrderQtr>
    <Sales>13499.9600</Sales>
  </vSales>
  <vSales>
    <ProdCat>Clothing</ProdCat>
    <SubCat>Shorts</SubCat>
    <OrderYear>2003</OrderYear>
    <OrderQtr>Q1</OrderQtr>
    <Sales>14884.3401</Sales>
  </vSales>
  <vSales>
    <ProdCat>Clothing</ProdCat>
    <SubCat>Tights</SubCat>
    <OrderYear>2002</OrderYear>
    <OrderQtr>Q1</OrderQtr>
    <Sales>742.3500</Sales>
  </vSales>
  <vSales>
    <ProdCat>Component</ProdCat>
    <SubCat>Headset</SubCat>
    <OrderYear>2003</OrderYear>
    <OrderQtr>Q2</OrderQtr>
    <Sales>22151.2766</Sales>
  </vSales>
  <vSales>
    <ProdCat>Component</ProdCat>
    <SubCat>Pedals</SubCat>
    <OrderYear>2002</OrderYear>
    <OrderQtr>Q2</OrderQtr>
    <Sales>782.9900</Sales>
  </vSales>
  <vSales>
    <ProdCat>Component</ProdCat>
    <SubCat>Touring Frame</SubCat>
    <OrderYear>2003</OrderYear>
    <OrderQtr>Q1</OrderQtr>
    <Sales>28626.1600</Sales>
  </vSales>
  <vSales>
    <ProdCat>Component</ProdCat>
    <SubCat>Crankset</SubCat>
    <OrderYear>2003</OrderYear>
    <OrderQtr>Q4</OrderQtr>
    <Sales>119023.4578</Sales>
  </vSales>
  <vSales>
    <ProdCat>Component</ProdCat>
    <SubCat>Fork</SubCat>
    <OrderYear>2002</OrderYear>
    <OrderQtr>Q4</OrderQtr>
    <Sales>35786.4774</Sales>
  </vSales>
  <vSales>
    <ProdCat>Component</ProdCat>
    <SubCat>Wheel</SubCat>
    <OrderYear>2003</OrderYear>
    <OrderQtr>Q3</OrderQtr>
    <Sales>60240.0907</Sales>
  </vSales>
  <vSales>
    <ProdCat>Accessory</ProdCat>
    <SubCat>Helmet</SubCat>
    <OrderYear>2003</OrderYear>
    <OrderQtr>Q3</OrderQtr>
    <Sales>202788.1090</Sales>
  </vSales>
  <vSales>
    <ProdCat>Component</ProdCat>
    <SubCat>Handlebars  </SubCat>
    <OrderYear>2002</OrderYear>
    <OrderQtr>Q3</OrderQtr>
    <Sales>44667.3726</Sales>
  </vSales>
  <vSales>
    <ProdCat>Clothing</ProdCat>
    <SubCat>Bib-Short </SubCat>
    <OrderYear>2003</OrderYear>
    <OrderQtr>Q1</OrderQtr>
    <Sales>24081.2565</Sales>
  </vSales>
  <vSales>
    <ProdCat>Clothing</ProdCat>
    <SubCat>Gloves</SubCat>
    <OrderYear>2002</OrderYear>
    <OrderQtr>Q1</OrderQtr>
    <Sales>741.9447</Sales>
  </vSales>
  <vSales>
    <ProdCat>Bike</ProdCat>
    <SubCat>Road Bike</SubCat>
    <OrderYear>2002</OrderYear>
    <OrderQtr>Q1</OrderQtr>
    <Sales>2063379.0720</Sales>
  </vSales>
  <vSales>
    <ProdCat>Component</ProdCat>
    <SubCat>Chain</SubCat>
    <OrderYear>2003</OrderYear>
    <OrderQtr>Q2</OrderQtr>
    <Sales>3374.9900</Sales>
  </vSales>
  <vSales>
    <ProdCat>Clothing</ProdCat>
    <SubCat>Gloves</SubCat>
    <OrderYear>2002</OrderYear>
    <OrderQtr>Q4</OrderQtr>
    <Sales>44898.6712</Sales>
  </vSales>
  <vSales>
    <ProdCat>Clothing</ProdCat>
    <SubCat>Bib-Short </SubCat>
    <OrderYear>2003</OrderYear>
    <OrderQtr>Q4</OrderQtr>
    <Sales>13583.7429</Sales>
  </vSales>
  <vSales>
    <ProdCat>Component</ProdCat>
    <SubCat>Road Frame</SubCat>
    <OrderYear>2002</OrderYear>
    <OrderQtr>Q1</OrderQtr>
    <Sales>68286.1502</Sales>
  </vSales>
  <vSales>
    <ProdCat>Component</ProdCat>
    <SubCat>Mountain Frame</SubCat>
    <OrderYear>2003</OrderYear>
    <OrderQtr>Q1</OrderQtr>
    <Sales>332706.2027</Sales>
  </vSales>
  <vSales>
    <ProdCat>Bike</ProdCat>
    <SubCat>Road Bike</SubCat>
    <OrderYear>2002</OrderYear>
    <OrderQtr>Q4</OrderQtr>
    <Sales>4022146.0128</Sales>
  </vSales>
  <vSales>
    <ProdCat>Accessory</ProdCat>
    <SubCat>Fenders</SubCat>
    <OrderYear>2003</OrderYear>
    <OrderQtr>Q4</OrderQtr>
    <Sales>21456.6300</Sales>
  </vSales>
  <vSales>
    <ProdCat>Component</ProdCat>
    <SubCat>Road Frame</SubCat>
    <OrderYear>2002</OrderYear>
    <OrderQtr>Q4</OrderQtr>
    <Sales>606030.4357</Sales>
  </vSales>
  <vSales>
    <ProdCat>Component</ProdCat>
    <SubCat>Mountain Frame</SubCat>
    <OrderYear>2003</OrderYear>
    <OrderQtr>Q4</OrderQtr>
    <Sales>1037215.2754</Sales>
  </vSales>
  <vSales>
    <ProdCat>Clothing</ProdCat>
    <SubCat>Jersey</SubCat>
    <OrderYear>2002</OrderYear>
    <OrderQtr>Q3</OrderQtr>
    <Sales>68239.7062</Sales>
  </vSales>
  <vSales>
    <ProdCat>Clothing</ProdCat>
    <SubCat>Cap</SubCat>
    <OrderYear>2003</OrderYear>
    <OrderQtr>Q3</OrderQtr>
    <Sales>46124.1375</Sales>
  </vSales>
  <vSales>
    <ProdCat>Component</ProdCat>
    <SubCat>Mountain Frame</SubCat>
    <OrderYear>2002</OrderYear>
    <OrderQtr>Q1</OrderQtr>
    <Sales>164273.5504</Sales>
  </vSales>
  <vSales>
    <ProdCat>Component</ProdCat>
    <SubCat>Fork</SubCat>
    <OrderYear>2003</OrderYear>
    <OrderQtr>Q1</OrderQtr>
    <Sales>18977.2072</Sales>
  </vSales>
  <vSales>
    <ProdCat>Accessory</ProdCat>
    <SubCat>Pumps</SubCat>
    <OrderYear>2003</OrderYear>
    <OrderQtr>Q4</OrderQtr>
    <Sales>33878.9100</Sales>
  </vSales>
  <vSales>
    <ProdCat>Accessory</ProdCat>
    <SubCat>Locks</SubCat>
    <OrderYear>2003</OrderYear>
    <OrderQtr>Q2</OrderQtr>
    <Sales>6374.7000</Sales>
  </vSales>
  <vSales>
    <ProdCat>Clothing</ProdCat>
    <SubCat>Tights</SubCat>
    <OrderYear>2003</OrderYear>
    <OrderQtr>Q3</OrderQtr>
    <Sales>24535.0960</Sales>
  </vSales>
  <vSales>
    <ProdCat>Component</ProdCat>
    <SubCat>Wheel</SubCat>
    <OrderYear>2003</OrderYear>
    <OrderQtr>Q4</OrderQtr>
    <Sales>67177.2581</Sales>
  </vSales>
  <vSales>
    <ProdCat>Clothing</ProdCat>
    <SubCat>Cap</SubCat>
    <OrderYear>2003</OrderYear>
    <OrderQtr>Q4</OrderQtr>
    <Sales>34720.4769</Sales>
  </vSales>
  <vSales>
    <ProdCat>Clothing</ProdCat>
    <SubCat>Jersey</SubCat>
    <OrderYear>2002</OrderYear>
    <OrderQtr>Q4</OrderQtr>
    <Sales>40612.1187</Sales>
  </vSales>
  <vSales>
    <ProdCat>Component</ProdCat>
    <SubCat>Bottom Bracket</SubCat>
    <OrderYear>2003</OrderYear>
    <OrderQtr>Q2</OrderQtr>
    <Sales>229.4700</Sales>
  </vSales>
  <vSales>
    <ProdCat>Accessory</ProdCat>
    <SubCat>Fenders</SubCat>
    <OrderYear>2003</OrderYear>
    <OrderQtr>Q3</OrderQtr>
    <Sales>42913.2600</Sales>
  </vSales>
  <vSales>
    <ProdCat>Component</ProdCat>
    <SubCat>Crankset</SubCat>
    <OrderYear>2002</OrderYear>
    <OrderQtr>Q1</OrderQtr>
    <Sales>3399.9900</Sales>
  </vSales>
  <vSales>
    <ProdCat>Accessory</ProdCat>
    <SubCat>Bottles &amp; Cages</SubCat>
    <OrderYear>2003</OrderYear>
    <OrderQtr>Q1</OrderQtr>
    <Sales>1214.8500</Sales>
  </vSales>
  <vSales>
    <ProdCat>Accessory</ProdCat>
    <SubCat>Fenders</SubCat>
    <OrderYear>2003</OrderYear>
    <OrderQtr>Q2</OrderQtr>
    <Sales>2384.0700</Sales>
  </vSales>
  <vSales>
    <ProdCat>Component</ProdCat>
    <SubCat>Touring Frame</SubCat>
    <OrderYear>2003</OrderYear>
    <OrderQtr>Q2</OrderQtr>
    <Sales>7156.5400</Sales>
  </vSales>
  <vSales>
    <ProdCat>Component</ProdCat>
    <SubCat>Handlebars  </SubCat>
    <OrderYear>2002</OrderYear>
    <OrderQtr>Q4</OrderQtr>
    <Sales>27161.2539</Sales>
  </vSales>
  <vSales>
    <ProdCat>Accessory</ProdCat>
    <SubCat>Bike Racks</SubCat>
    <OrderYear>2003</OrderYear>
    <OrderQtr>Q3</OrderQtr>
    <Sales>77784.2100</Sales>
  </vSales>
  <vSales>
    <ProdCat>Clothing</ProdCat>
    <SubCat>Shorts</SubCat>
    <OrderYear>2003</OrderYear>
    <OrderQtr>Q2</OrderQtr>
    <Sales>23240.1260</Sales>
  </vSales>
  <vSales>
    <ProdCat>Clothing</ProdCat>
    <SubCat>Socks</SubCat>
    <OrderYear>2003</OrderYear>
    <OrderQtr>Q4</OrderQtr>
    <Sales>26132.6025</Sales>
  </vSales>
  <vSales>
    <ProdCat>Clothing</ProdCat>
    <SubCat>Vest</SubCat>
    <OrderYear>2002</OrderYear>
    <OrderQtr>Q4</OrderQtr>
    <Sales>960.1200</Sales>
  </vSales>
  <vSales>
    <ProdCat>Component</ProdCat>
    <SubCat>Chain</SubCat>
    <OrderYear>2003</OrderYear>
    <OrderQtr>Q3</OrderQtr>
    <Sales>14423.5412</Sales>
  </vSales>
  <vSales>
    <ProdCat>Clothing</ProdCat>
    <SubCat>Socks</SubCat>
    <OrderYear>2003</OrderYear>
    <OrderQtr>Q1</OrderQtr>
    <Sales>742.3500</Sales>
  </vSales>
  <vSales>
    <ProdCat>Component</ProdCat>
    <SubCat>Wheel</SubCat>
    <OrderYear>2003</OrderYear>
    <OrderQtr>Q1</OrderQtr>
    <Sales>80575.1491</Sales>
  </vSales>
  <vSales>
    <ProdCat>Component</ProdCat>
    <SubCat>Road Frame</SubCat>
    <OrderYear>2002</OrderYear>
    <OrderQtr>Q2</OrderQtr>
    <Sales>212205.7119</Sales>
  </vSales>
  <vSales>
    <ProdCat>Component</ProdCat>
    <SubCat>Mountain Frame</SubCat>
    <OrderYear>2003</OrderYear>
    <OrderQtr>Q2</OrderQtr>
    <Sales>569119.5743</Sales>
  </vSales>
  <vSales>
    <ProdCat>Accessory</ProdCat>
    <SubCat>Cleaners</SubCat>
    <OrderYear>2003</OrderYear>
    <OrderQtr>Q4</OrderQtr>
    <Sales>64947.9900</Sales>
  </vSales>
  <vSales>
    <ProdCat>Accessory</ProdCat>
    <SubCat>Helmet</SubCat>
    <OrderYear>2002</OrderYear>
    <OrderQtr>Q4</OrderQtr>
    <Sales>25414.1583</Sales>
  </vSales>
  <vSales>
    <ProdCat>Bike</ProdCat>
    <SubCat>Road Bike</SubCat>
    <OrderYear>2003</OrderYear>
    <OrderQtr>Q3</OrderQtr>
    <Sales>4063056.8428</Sales>
  </vSales>
  <vSales>
    <ProdCat>Component</ProdCat>
    <SubCat>Derailleur</SubCat>
    <OrderYear>2003</OrderYear>
    <OrderQtr>Q4</OrderQtr>
    <Sales>51209.1048</Sales>
  </vSales>
  <vSales>
    <ProdCat>Component</ProdCat>
    <SubCat>Headset</SubCat>
    <OrderYear>2002</OrderYear>
    <OrderQtr>Q4</OrderQtr>
    <Sales>20272.7070</Sales>
  </vSales>
  <vSales>
    <ProdCat>Clothing</ProdCat>
    <SubCat>Bib-Short </SubCat>
    <OrderYear>2003</OrderYear>
    <OrderQtr>Q2</OrderQtr>
    <Sales>47321.2415</Sales>
  </vSales>
  <vSales>
    <ProdCat>Component</ProdCat>
    <SubCat>Mountain Frame</SubCat>
    <OrderYear>2002</OrderYear>
    <OrderQtr>Q3</OrderQtr>
    <Sales>757712.2366</Sales>
  </vSales>
  <vSales>
    <ProdCat>Component</ProdCat>
    <SubCat>Fork</SubCat>
    <OrderYear>2003</OrderYear>
    <OrderQtr>Q3</OrderQtr>
    <Sales>87749.7400</Sales>
  </vSales>
  <vSales>
    <ProdCat>Clothing</ProdCat>
    <SubCat>Jersey</SubCat>
    <OrderYear>2002</OrderYear>
    <OrderQtr>Q1</OrderQtr>
    <Sales>10814.3202</Sales>
  </vSales>
  <vSales>
    <ProdCat>Clothing</ProdCat>
    <SubCat>Cap</SubCat>
    <OrderYear>2003</OrderYear>
    <OrderQtr>Q1</OrderQtr>
    <Sales>4362.5328</Sales>
  </vSales>
  <vSales>
    <ProdCat>Bike</ProdCat>
    <SubCat>Mountain Bike</SubCat>
    <OrderYear>2003</OrderYear>
    <OrderQtr>Q1</OrderQtr>
    <Sales>2282559.9977</Sales>
  </vSales>
  <vSales>
    <ProdCat>Component</ProdCat>
    <SubCat>Crankset</SubCat>
    <OrderYear>2003</OrderYear>
    <OrderQtr>Q2</OrderQtr>
    <Sales>3399.9900</Sales>
  </vSales>
  <vSales>
    <ProdCat>Bike</ProdCat>
    <SubCat>Touring Bike</SubCat>
    <OrderYear>2002</OrderYear>
    <OrderQtr>Q1</OrderQtr>
    <Sales>5669.9800</Sales>
  </vSales>
  <vSales>
    <ProdCat>Clothing</ProdCat>
    <SubCat>Bib-Short </SubCat>
    <OrderYear>2002</OrderYear>
    <OrderQtr>Q3</OrderQtr>
    <Sales>72999.8880</Sales>
  </vSales>
  <vSales>
    <ProdCat>Accessory</ProdCat>
    <SubCat>Pumps</SubCat>
    <OrderYear>2003</OrderYear>
    <OrderQtr>Q1</OrderQtr>
    <Sales>1763.1180</Sales>
  </vSales>
  <vSales>
    <ProdCat>Accessory</ProdCat>
    <SubCat>Tires &amp; Tubes</SubCat>
    <OrderYear>2003</OrderYear>
    <OrderQtr>Q2</OrderQtr>
    <Sales>782.9900</Sales>
  </vSales>
  <vSales>
    <ProdCat>Accessory</ProdCat>
    <SubCat>Lights</SubCat>
    <OrderYear>2003</OrderYear>
    <OrderQtr>Q4</OrderQtr>
    <Sales>18222.7500</Sales>
  </vSales>
  <vSales>
    <ProdCat>Component</ProdCat>
    <SubCat>Pedals</SubCat>
    <OrderYear>2003</OrderYear>
    <OrderQtr>Q4</OrderQtr>
    <Sales>75832.5110</Sales>
  </vSales>
  <vSales>
    <ProdCat>Component</ProdCat>
    <SubCat>Saddle</SubCat>
    <OrderYear>2002</OrderYear>
    <OrderQtr>Q4</OrderQtr>
    <Sales>4697.9400</Sales>
  </vSales>
  <vSales>
    <ProdCat>Clothing</ProdCat>
    <SubCat>Shorts</SubCat>
    <OrderYear>2002</OrderYear>
    <OrderQtr>Q3</OrderQtr>
    <Sales>30917.0463</Sales>
  </vSales>
  <vSales>
    <ProdCat>Clothing</ProdCat>
    <SubCat>Gloves</SubCat>
    <OrderYear>2003</OrderYear>
    <OrderQtr>Q3</OrderQtr>
    <Sales>68963.1889</Sales>
  </vSales>
  <vSales>
    <ProdCat>Bike</ProdCat>
    <SubCat>Mountain Bike</SubCat>
    <OrderYear>2003</OrderYear>
    <OrderQtr>Q4</OrderQtr>
    <Sales>2919939.5720</Sales>
  </vSales>
  <vSales>
    <ProdCat>Bike</ProdCat>
    <SubCat>Touring Bike</SubCat>
    <OrderYear>2002</OrderYear>
    <OrderQtr>Q4</OrderQtr>
    <Sales>5166.7560</Sales>
  </vSales>
  <vSales>
    <ProdCat>Bike</ProdCat>
    <SubCat>Road Bike</SubCat>
    <OrderYear>2002</OrderYear>
    <OrderQtr>Q2</OrderQtr>
    <Sales>2303316.0402</Sales>
  </vSales>
  <vSales>
    <ProdCat>Component</ProdCat>
    <SubCat>Pedals</SubCat>
    <OrderYear>2003</OrderYear>
    <OrderQtr>Q1</OrderQtr>
    <Sales>3131.9600</Sales>
  </vSales>
  <vSales>
    <ProdCat>Component</ProdCat>
    <SubCat>Road Frame</SubCat>
    <OrderYear>2003</OrderYear>
    <OrderQtr>Q3</OrderQtr>
    <Sales>2028207.5286</Sales>
  </vSales>
  <vSales>
    <ProdCat>Accessory</ProdCat>
    <SubCat>Pumps</SubCat>
    <OrderYear>2002</OrderYear>
    <OrderQtr>Q3</OrderQtr>
    <Sales>5181.4080</Sales>
  </vSales>
  <vSales>
    <ProdCat>Accessory</ProdCat>
    <SubCat>Locks</SubCat>
    <OrderYear>2003</OrderYear>
    <OrderQtr>Q3</OrderQtr>
    <Sales>1214.8500</Sales>
  </vSales>
  <vSales>
    <ProdCat>Bike</ProdCat>
    <SubCat>Road Bike</SubCat>
    <OrderYear>2003</OrderYear>
    <OrderQtr>Q4</OrderQtr>
    <Sales>3566305.1422</Sales>
  </vSales>
  <vSales>
    <ProdCat>Component</ProdCat>
    <SubCat>Road Frame</SubCat>
    <OrderYear>2003</OrderYear>
    <OrderQtr>Q4</OrderQtr>
    <Sales>1124402.2363</Sales>
  </vSales>
  <vSales>
    <ProdCat>Component</ProdCat>
    <SubCat>Touring Frame</SubCat>
    <OrderYear>2002</OrderYear>
    <OrderQtr>Q4</OrderQtr>
    <Sales>7156.5400</Sales>
  </vSales>
  <vSales>
    <ProdCat>Component</ProdCat>
    <SubCat>Headset</SubCat>
    <OrderYear>2003</OrderYear>
    <OrderQtr>Q1</OrderQtr>
    <Sales>13532.3060</Sales>
  </vSales>
  <vSales>
    <ProdCat>Clothing</ProdCat>
    <SubCat>Vest</SubCat>
    <OrderYear>2003</OrderYear>
    <OrderQtr>Q3</OrderQtr>
    <Sales>102305.4500</Sales>
  </vSales>
  <vSales>
    <ProdCat>Bike</ProdCat>
    <SubCat>Mountain Bike</SubCat>
    <OrderYear>2002</OrderYear>
    <OrderQtr>Q1</OrderQtr>
    <Sales>2619647.2572</Sales>
  </vSales>
  <vSales>
    <ProdCat>Accessory</ProdCat>
    <SubCat>Lights</SubCat>
    <OrderYear>2003</OrderYear>
    <OrderQtr>Q2</OrderQtr>
    <Sales>1214.8500</Sales>
  </vSales>
  <vSales>
    <ProdCat>Component</ProdCat>
    <SubCat>Handlebars  </SubCat>
    <OrderYear>2003</OrderYear>
    <OrderQtr>Q3</OrderQtr>
    <Sales>109379.8715</Sales>
  </vSales>
  <vSales>
    <ProdCat>Accessory</ProdCat>
    <SubCat>Helmet</SubCat>
    <OrderYear>2002</OrderYear>
    <OrderQtr>Q3</OrderQtr>
    <Sales>38093.9885</Sales>
  </vSales>
  <vSales>
    <ProdCat>Accessory</ProdCat>
    <SubCat>Cleaners</SubCat>
    <OrderYear>2003</OrderYear>
    <OrderQtr>Q3</OrderQtr>
    <Sales>37383.7800</Sales>
  </vSales>
  <vSales>
    <ProdCat>Clothing</ProdCat>
    <SubCat>Gloves</SubCat>
    <OrderYear>2003</OrderYear>
    <OrderQtr>Q4</OrderQtr>
    <Sales>78672.8482</Sales>
  </vSales>
  <vSales>
    <ProdCat>Clothing</ProdCat>
    <SubCat>Shorts</SubCat>
    <OrderYear>2002</OrderYear>
    <OrderQtr>Q4</OrderQtr>
    <Sales>26674.5010</Sales>
  </vSales>
  <vSales>
    <ProdCat>Accessory</ProdCat>
    <SubCat>Tires &amp; Tubes</SubCat>
    <OrderYear>2002</OrderYear>
    <OrderQtr>Q4</OrderQtr>
    <Sales>3469.4600</Sales>
  </vSales>
  <vSales>
    <ProdCat>Clothing</ProdCat>
    <SubCat>Tights</SubCat>
    <OrderYear>2003</OrderYear>
    <OrderQtr>Q4</OrderQtr>
    <Sales>20287.1675</Sales>
  </vSales>
  <vSales>
    <ProdCat>Accessory</ProdCat>
    <SubCat>Helmet</SubCat>
    <OrderYear>2002</OrderYear>
    <OrderQtr>Q1</OrderQtr>
    <Sales>5399.1629</Sales>
  </vSales>
  <vSales>
    <ProdCat>Component</ProdCat>
    <SubCat>Derailleur</SubCat>
    <OrderYear>2002</OrderYear>
    <OrderQtr>Q1</OrderQtr>
    <Sales>3374.9900</Sales>
  </vSales>
  <vSales>
    <ProdCat>Accessory</ProdCat>
    <SubCat>Helmet</SubCat>
    <OrderYear>2002</OrderYear>
    <OrderQtr>Q2</OrderQtr>
    <Sales>11647.6105</Sales>
  </vSales>
  <vSales>
    <ProdCat>Accessory</ProdCat>
    <SubCat>Cleaners</SubCat>
    <OrderYear>2003</OrderYear>
    <OrderQtr>Q2</OrderQtr>
    <Sales>4768.1400</Sales>
  </vSales>
  <vSales>
    <ProdCat>Clothing</ProdCat>
    <SubCat>Socks</SubCat>
    <OrderYear>2003</OrderYear>
    <OrderQtr>Q2</OrderQtr>
    <Sales>2227.0500</Sales>
  </vSales>
  <vSales>
    <ProdCat>Component</ProdCat>
    <SubCat>Wheel</SubCat>
    <OrderYear>2003</OrderYear>
    <OrderQtr>Q2</OrderQtr>
    <Sales>210139.7000</Sales>
  </vSales>
  <vSales>
    <ProdCat>Component</ProdCat>
    <SubCat>Crankset</SubCat>
    <OrderYear>2003</OrderYear>
    <OrderQtr>Q3</OrderQtr>
    <Sales>201227.2028</Sales>
  </vSales>
  <vSales>
    <ProdCat>Component</ProdCat>
    <SubCat>Fork</SubCat>
    <OrderYear>2002</OrderYear>
    <OrderQtr>Q3</OrderQtr>
    <Sales>32351.6160</Sales>
  </vSales>
  <vSales>
    <ProdCat>Clothing</ProdCat>
    <SubCat>Tights</SubCat>
    <OrderYear>2003</OrderYear>
    <OrderQtr>Q1</OrderQtr>
    <Sales>33054.6891</Sales>
  </vSales>
  <vSales>
    <ProdCat>Accessory</ProdCat>
    <SubCat>Lights</SubCat>
    <OrderYear>2003</OrderYear>
    <OrderQtr>Q1</OrderQtr>
    <Sales>3644.5500</Sales>
  </vSales>
  <vSales>
    <ProdCat>Component</ProdCat>
    <SubCat>Brakes</SubCat>
    <OrderYear>2003</OrderYear>
    <OrderQtr>Q4</OrderQtr>
    <Sales>39129.5700</Sales>
  </vSales>
  <vSales>
    <ProdCat>Component</ProdCat>
    <SubCat>Crankset</SubCat>
    <OrderYear>2002</OrderYear>
    <OrderQtr>Q4</OrderQtr>
    <Sales>3399.9900</Sales>
  </vSales>
  <vSales>
    <ProdCat>Clothing</ProdCat>
    <SubCat>Jersey</SubCat>
    <OrderYear>2002</OrderYear>
    <OrderQtr>Q2</OrderQtr>
    <Sales>19144.8893</Sales>
  </vSales>
  <vSales>
    <ProdCat>Clothing</ProdCat>
    <SubCat>Cap</SubCat>
    <OrderYear>2003</OrderYear>
    <OrderQtr>Q2</OrderQtr>
    <Sales>3213.8964</Sales>
  </vSales>
  <vSales>
    <ProdCat>Component</ProdCat>
    <SubCat>Headset</SubCat>
    <OrderYear>2003</OrderYear>
    <OrderQtr>Q3</OrderQtr>
    <Sales>10961.8600</Sales>
  </vSales>
  <vSales>
    <ProdCat>Component</ProdCat>
    <SubCat>Pedals</SubCat>
    <OrderYear>2003</OrderYear>
    <OrderQtr>Q2</OrderQtr>
    <Sales>5480.9300</Sales>
  </vSales>
  <vSales>
    <ProdCat>Bike</ProdCat>
    <SubCat>Mountain Bike</SubCat>
    <OrderYear>2002</OrderYear>
    <OrderQtr>Q3</OrderQtr>
    <Sales>3383334.0076</Sales>
  </vSales>
  <vSales>
    <ProdCat>Accessory</ProdCat>
    <SubCat>Tires &amp; Tubes</SubCat>
    <OrderYear>2003</OrderYear>
    <OrderQtr>Q3</OrderQtr>
    <Sales>80045.2660</Sales>
  </vSales>
  <vSales>
    <ProdCat>Clothing</ProdCat>
    <SubCat>Gloves</SubCat>
    <OrderYear>2003</OrderYear>
    <OrderQtr>Q1</OrderQtr>
    <Sales>30000.4015</Sales>
  </vSales>
  <vSales>
    <ProdCat>Clothing</ProdCat>
    <SubCat>Shorts</SubCat>
    <OrderYear>2002</OrderYear>
    <OrderQtr>Q1</OrderQtr>
    <Sales>485.0307</Sales>
  </vSales>
  <vSales>
    <ProdCat>Accessory</ProdCat>
    <SubCat>Bottles &amp; Cages</SubCat>
    <OrderYear>2003</OrderYear>
    <OrderQtr>Q4</OrderQtr>
    <Sales>23894.2380</Sales>
  </vSales>
  <vSales>
    <ProdCat>Component</ProdCat>
    <SubCat>Road Frame</SubCat>
    <OrderYear>2003</OrderYear>
    <OrderQtr>Q1</OrderQtr>
    <Sales>194431.7724</Sales>
  </vSales>
  <vSales>
    <ProdCat>Component</ProdCat>
    <SubCat>Touring Frame</SubCat>
    <OrderYear>2002</OrderYear>
    <OrderQtr>Q1</OrderQtr>
    <Sales>3578.2700</Sales>
  </vSales>
  <vSales>
    <ProdCat>Accessory</ProdCat>
    <SubCat>Tires &amp; Tubes</SubCat>
    <OrderYear>2003</OrderYear>
    <OrderQtr>Q1</OrderQtr>
    <Sales>5372.9400</Sales>
  </vSales>
  <vSales>
    <ProdCat>Accessory</ProdCat>
    <SubCat>Hydration Pack</SubCat>
    <OrderYear>2003</OrderYear>
    <OrderQtr>Q4</OrderQtr>
    <Sales>22610.1720</Sales>
  </vSales>
  <vSales>
    <ProdCat>Accessory</ProdCat>
    <SubCat>Locks</SubCat>
    <OrderYear>2002</OrderYear>
    <OrderQtr>Q4</OrderQtr>
    <Sales>3780.0000</Sales>
  </vSales>
  <vSales>
    <ProdCat>Component</ProdCat>
    <SubCat>Mountain Frame</SubCat>
    <OrderYear>2002</OrderYear>
    <OrderQtr>Q4</OrderQtr>
    <Sales>560348.1176</Sales>
  </vSales>
  <vSales>
    <ProdCat>Component</ProdCat>
    <SubCat>Fork</SubCat>
    <OrderYear>2003</OrderYear>
    <OrderQtr>Q4</OrderQtr>
    <Sales>64124.8100</Sales>
  </vSales>
  <vSales>
    <ProdCat>Clothing</ProdCat>
    <SubCat>Jersey</SubCat>
    <OrderYear>2003</OrderYear>
    <OrderQtr>Q3</OrderQtr>
    <Sales>368725.8379</Sales>
  </vSales>
  <vSales>
    <ProdCat>Bike</ProdCat>
    <SubCat>Mountain Bike</SubCat>
    <OrderYear>2003</OrderYear>
    <OrderQtr>Q2</OrderQtr>
    <Sales>2561136.4486</Sales>
  </vSales>
  <vSales>
    <ProdCat>Bike</ProdCat>
    <SubCat>Touring Bike</SubCat>
    <OrderYear>2002</OrderYear>
    <OrderQtr>Q2</OrderQtr>
    <Sales>6884.9700</Sales>
  </vSales>
  <vSales>
    <ProdCat>Clothing</ProdCat>
    <SubCat>Cap</SubCat>
    <OrderYear>2002</OrderYear>
    <OrderQtr>Q3</OrderQtr>
    <Sales>4438.7730</Sales>
  </vSales>
  <vSales>
    <ProdCat>Component</ProdCat>
    <SubCat>Wheel</SubCat>
    <OrderYear>2002</OrderYear>
    <OrderQtr>Q3</OrderQtr>
    <Sales>359246.1008</Sales>
  </vSales>
  <vSales>
    <ProdCat>Component</ProdCat>
    <SubCat>Saddle</SubCat>
    <OrderYear>2003</OrderYear>
    <OrderQtr>Q3</OrderQtr>
    <Sales>88673.0456</Sales>
  </vSales>
  <vSales>
    <ProdCat>Accessory</ProdCat>
    <SubCat>Lights</SubCat>
    <OrderYear>2003</OrderYear>
    <OrderQtr>Q3</OrderQtr>
    <Sales>21867.3000</Sales>
  </vSales>
  <vSales>
    <ProdCat>Bike</ProdCat>
    <SubCat>Touring Bike</SubCat>
    <OrderYear>2003</OrderYear>
    <OrderQtr>Q3</OrderQtr>
    <Sales>4493796.6196</Sales>
  </vSales>
  <vSales>
    <ProdCat>Bike</ProdCat>
    <SubCat>Road Bike</SubCat>
    <OrderYear>2003</OrderYear>
    <OrderQtr>Q1</OrderQtr>
    <Sales>3434993.4292</Sales>
  </vSales>
  <vSales>
    <ProdCat>Component</ProdCat>
    <SubCat>Headset</SubCat>
    <OrderYear>2002</OrderYear>
    <OrderQtr>Q2</OrderQtr>
    <Sales>1565.9800</Sales>
  </vSales>
  <vSales>
    <ProdCat>Accessory</ProdCat>
    <SubCat>Pumps</SubCat>
    <OrderYear>2003</OrderYear>
    <OrderQtr>Q2</OrderQtr>
    <Sales>8241.7080</Sales>
  </vSales>
  <vSales>
    <ProdCat>Clothing</ProdCat>
    <SubCat>Bib-Short </SubCat>
    <OrderYear>2002</OrderYear>
    <OrderQtr>Q4</OrderQtr>
    <Sales>38313.2425</Sales>
  </vSales>
</AdventureWorks2000DataSet>