<?xml version="1.0" standalone="yes"?>
<DataSet1 xmlns="http://tempuri.org/DataSet1.xsd">
  <xs:schema id="DataSet1" targetNamespace="http://tempuri.org/DataSet1.xsd" xmlns:mstns="http://tempuri.org/DataSet1.xsd" xmlns="http://tempuri.org/DataSet1.xsd" xmlns:xs="http://www.w3.org/2001/XMLSchema" xmlns:msdata="urn:schemas-microsoft-com:xml-msdata" attributeFormDefault="qualified" elementFormDefault="qualified">
    <xs:element name="DataSet1" msdata:IsDataSet="true" msdata:UseCurrentLocale="true" msdata:EnforceConstraints="False">
      <xs:complexType>
        <xs:choice minOccurs="0" maxOccurs="unbounded">
          <xs:element name="DataTable1">
            <xs:complexType>
              <xs:sequence>
                <xs:element name="Name">
                  <xs:simpleType>
                    <xs:restriction base="xs:string">
                      <xs:maxLength value="50" />
                    </xs:restriction>
                  </xs:simpleType>
                </xs:element>
                <xs:element name="FirstName">
                  <xs:simpleType>
                    <xs:restriction base="xs:string">
                      <xs:maxLength value="50" />
                    </xs:restriction>
                  </xs:simpleType>
                </xs:element>
                <xs:element name="LastName">
                  <xs:simpleType>
                    <xs:restriction base="xs:string">
                      <xs:maxLength value="50" />
                    </xs:restriction>
                  </xs:simpleType>
                </xs:element>
                <xs:element name="Title" minOccurs="0">
                  <xs:simpleType>
                    <xs:restriction base="xs:string">
                      <xs:maxLength value="50" />
                    </xs:restriction>
                  </xs:simpleType>
                </xs:element>
                <xs:element name="DepartmentID" msdata:ReadOnly="true" msdata:AutoIncrement="true" type="xs:short" />
                <xs:element name="GroupName">
                  <xs:simpleType>
                    <xs:restriction base="xs:string">
                      <xs:maxLength value="50" />
                    </xs:restriction>
                  </xs:simpleType>
                </xs:element>
              </xs:sequence>
            </xs:complexType>
          </xs:element>
        </xs:choice>
      </xs:complexType>
      <xs:unique name="Constraint1" msdata:PrimaryKey="true">
        <xs:selector xpath=".//mstns:DataTable1" />
        <xs:field xpath="mstns:DepartmentID" />
      </xs:unique>
    </xs:element>
  </xs:schema>
  <DataTable1>
    <Name>Engineering</Name>
    <FirstName>Terri</FirstName>
    <LastName>Duffy</LastName>
    <Title>VP Engineering</Title>
    <DepartmentID>1</DepartmentID>
    <GroupName>Research and Development</GroupName>
  </DataTable1>
  <DataTable1>
    <Name>Engineering</Name>
    <FirstName>Jian Shuo</FirstName>
    <LastName>Wang</LastName>
    <Title>Engineering Manager</Title>
    <DepartmentID>1</DepartmentID>
    <GroupName>Research and Development</GroupName>
  </DataTable1>
  <DataTable1>
    <Name>Engineering</Name>
    <FirstName>Michael</FirstName>
    <LastName>Sullivan</LastName>
    <Title>Sr. Design Engineer</Title>
    <DepartmentID>1</DepartmentID>
    <GroupName>Research and Development</GroupName>
  </DataTable1>
  <DataTable1>
    <Name>Engineering</Name>
    <FirstName>Sharon</FirstName>
    <LastName>Salavaria</LastName>
    <Title>Design Engineer</Title>
    <DepartmentID>1</DepartmentID>
    <GroupName>Research and Development</GroupName>
  </DataTable1>
  <DataTable1>
    <Name>Engineering</Name>
    <FirstName>Gail</FirstName>
    <LastName>Erickson</LastName>
    <Title>Design Engineer</Title>
    <DepartmentID>1</DepartmentID>
    <GroupName>Research and Development</GroupName>
  </DataTable1>
  <DataTable1>
    <Name>Engineering</Name>
    <FirstName>Jossef</FirstName>
    <LastName>Goldberg</LastName>
    <Title>Design Engineer</Title>
    <DepartmentID>1</DepartmentID>
    <GroupName>Research and Development</GroupName>
  </DataTable1>
  <DataTable1>
    <Name>Tool Design</Name>
    <FirstName>Ovidiu</FirstName>
    <LastName>Crãcium</LastName>
    <Title>Sr. Tool Designer</Title>
    <DepartmentID>2</DepartmentID>
    <GroupName>Research and Development</GroupName>
  </DataTable1>
  <DataTable1>
    <Name>Tool Design</Name>
    <FirstName>Janice</FirstName>
    <LastName>Galvin</LastName>
    <Title>Tool Designer</Title>
    <DepartmentID>2</DepartmentID>
    <GroupName>Research and Development</GroupName>
  </DataTable1>
  <DataTable1>
    <Name>Tool Design</Name>
    <FirstName>Thierry</FirstName>
    <LastName>D'Hers</LastName>
    <Title>Tool Designer</Title>
    <DepartmentID>2</DepartmentID>
    <GroupName>Research and Development</GroupName>
  </DataTable1>
  <DataTable1>
    <Name>Sales</Name>
    <FirstName>Brian</FirstName>
    <LastName>Welcker</LastName>
    <Title>VP Sales</Title>
    <DepartmentID>3</DepartmentID>
    <GroupName>Sales and Marketing</GroupName>
  </DataTable1>
  <DataTable1>
    <Name>Sales</Name>
    <FirstName>Stephen</FirstName>
    <LastName>Jiang</LastName>
    <Title>North American Sales Manager</Title>
    <DepartmentID>3</DepartmentID>
    <GroupName>Sales and Marketing</GroupName>
  </DataTable1>
  <DataTable1>
    <Name>Sales</Name>
    <FirstName>Syed</FirstName>
    <LastName>Abbas</LastName>
    <Title>Pacific Sales Manager</Title>
    <DepartmentID>3</DepartmentID>
    <GroupName>Sales and Marketing</GroupName>
  </DataTable1>
  <DataTable1>
    <Name>Sales</Name>
    <FirstName>Amy</FirstName>
    <LastName>Alberts</LastName>
    <Title>European Sales Manager</Title>
    <DepartmentID>3</DepartmentID>
    <GroupName>Sales and Marketing</GroupName>
  </DataTable1>
  <DataTable1>
    <Name>Sales</Name>
    <FirstName>Pamela</FirstName>
    <LastName>Ansman-Wolfe</LastName>
    <Title>Sales Representative</Title>
    <DepartmentID>3</DepartmentID>
    <GroupName>Sales and Marketing</GroupName>
  </DataTable1>
  <DataTable1>
    <Name>Sales</Name>
    <FirstName>David</FirstName>
    <LastName>Campbell</LastName>
    <Title>Sales Representative</Title>
    <DepartmentID>3</DepartmentID>
    <GroupName>Sales and Marketing</GroupName>
  </DataTable1>
  <DataTable1>
    <Name>Sales</Name>
    <FirstName>Fernando</FirstName>
    <LastName>Caro</LastName>
    <Title>Sales Representative</Title>
    <DepartmentID>3</DepartmentID>
    <GroupName>Sales and Marketing</GroupName>
  </DataTable1>
  <DataTable1>
    <Name>Sales</Name>
    <FirstName>Shu</FirstName>
    <LastName>Ito</LastName>
    <Title>Sales Representative</Title>
    <DepartmentID>3</DepartmentID>
    <GroupName>Sales and Marketing</GroupName>
  </DataTable1>
  <DataTable1>
    <Name>Sales</Name>
    <FirstName>Linda</FirstName>
    <LastName>Mitchell</LastName>
    <Title>Sales Representative</Title>
    <DepartmentID>3</DepartmentID>
    <GroupName>Sales and Marketing</GroupName>
  </DataTable1>
  <DataTable1>
    <Name>Sales</Name>
    <FirstName>Tsvi</FirstName>
    <LastName>Reiter</LastName>
    <Title>Sales Representative</Title>
    <DepartmentID>3</DepartmentID>
    <GroupName>Sales and Marketing</GroupName>
  </DataTable1>
  <DataTable1>
    <Name>Sales</Name>
    <FirstName>José</FirstName>
    <LastName>Saraiva</LastName>
    <Title>Sales Representative</Title>
    <DepartmentID>3</DepartmentID>
    <GroupName>Sales and Marketing</GroupName>
  </DataTable1>
  <DataTable1>
    <Name>Sales</Name>
    <FirstName>Garrett</FirstName>
    <LastName>Vargar</LastName>
    <Title>Sales Representative</Title>
    <DepartmentID>3</DepartmentID>
    <GroupName>Sales and Marketing</GroupName>
  </DataTable1>
  <DataTable1>
    <Name>Sales</Name>
    <FirstName>Ranjit</FirstName>
    <LastName>Varkey Chudukatil</LastName>
    <Title>Sales Representative</Title>
    <DepartmentID>3</DepartmentID>
    <GroupName>Sales and Marketing</GroupName>
  </DataTable1>
  <DataTable1>
    <Name>Sales</Name>
    <FirstName>Rachel</FirstName>
    <LastName>Valdez</LastName>
    <Title>Sales Representative</Title>
    <DepartmentID>3</DepartmentID>
    <GroupName>Sales and Marketing</GroupName>
  </DataTable1>
  <DataTable1>
    <Name>Sales</Name>
    <FirstName>Lynn</FirstName>
    <LastName>Tsoflias</LastName>
    <Title>Sales Representative</Title>
    <DepartmentID>3</DepartmentID>
    <GroupName>Sales and Marketing</GroupName>
  </DataTable1>
  <DataTable1>
    <Name>Sales</Name>
    <FirstName>Jae</FirstName>
    <LastName>Pak</LastName>
    <Title>Sales Representative</Title>
    <DepartmentID>3</DepartmentID>
    <GroupName>Sales and Marketing</GroupName>
  </DataTable1>
  <DataTable1>
    <Name>Sales</Name>
    <FirstName>Michael</FirstName>
    <LastName>Blythe</LastName>
    <Title>Sales Representative</Title>
    <DepartmentID>3</DepartmentID>
    <GroupName>Sales and Marketing</GroupName>
  </DataTable1>
  <DataTable1>
    <Name>Marketing</Name>
    <FirstName>David</FirstName>
    <LastName>Bradley</LastName>
    <Title>Marketing Manager</Title>
    <DepartmentID>4</DepartmentID>
    <GroupName>Sales and Marketing</GroupName>
  </DataTable1>
  <DataTable1>
    <Name>Marketing</Name>
    <FirstName>Wanida</FirstName>
    <LastName>Benshoof</LastName>
    <Title>Marketing Assistant</Title>
    <DepartmentID>4</DepartmentID>
    <GroupName>Sales and Marketing</GroupName>
  </DataTable1>
  <DataTable1>
    <Name>Marketing</Name>
    <FirstName>Kevin</FirstName>
    <LastName>Brown</LastName>
    <Title>Marketing Assistant</Title>
    <DepartmentID>4</DepartmentID>
    <GroupName>Sales and Marketing</GroupName>
  </DataTable1>
  <DataTable1>
    <Name>Marketing</Name>
    <FirstName>Mary</FirstName>
    <LastName>Dempsey</LastName>
    <Title>Marketing Assistant</Title>
    <DepartmentID>4</DepartmentID>
    <GroupName>Sales and Marketing</GroupName>
  </DataTable1>
  <DataTable1>
    <Name>Marketing</Name>
    <FirstName>Terry</FirstName>
    <LastName>Eminhizer</LastName>
    <Title>Marketing Specialist</Title>
    <DepartmentID>4</DepartmentID>
    <GroupName>Sales and Marketing</GroupName>
  </DataTable1>
  <DataTable1>
    <Name>Marketing</Name>
    <FirstName>Sariya</FirstName>
    <LastName>Harnpadoungsataya</LastName>
    <Title>Marketing Specialist</Title>
    <DepartmentID>4</DepartmentID>
    <GroupName>Sales and Marketing</GroupName>
  </DataTable1>
  <DataTable1>
    <Name>Marketing</Name>
    <FirstName>Mary</FirstName>
    <LastName>Gibson</LastName>
    <Title>Marketing Specialist</Title>
    <DepartmentID>4</DepartmentID>
    <GroupName>Sales and Marketing</GroupName>
  </DataTable1>
  <DataTable1>
    <Name>Marketing</Name>
    <FirstName>Jill</FirstName>
    <LastName>Williams</LastName>
    <Title>Marketing Specialist</Title>
    <DepartmentID>4</DepartmentID>
    <GroupName>Sales and Marketing</GroupName>
  </DataTable1>
  <DataTable1>
    <Name>Marketing</Name>
    <FirstName>John</FirstName>
    <LastName>Wood</LastName>
    <Title>Marketing Specialist</Title>
    <DepartmentID>4</DepartmentID>
    <GroupName>Sales and Marketing</GroupName>
  </DataTable1>
  <DataTable1>
    <Name>Purchasing</Name>
    <FirstName>Sheela</FirstName>
    <LastName>Word</LastName>
    <Title>Purchasing Manager</Title>
    <DepartmentID>5</DepartmentID>
    <GroupName>Inventory Management</GroupName>
  </DataTable1>
  <DataTable1>
    <Name>Purchasing</Name>
    <FirstName>Annette</FirstName>
    <LastName>Hill</LastName>
    <Title>Purchasing Assistant</Title>
    <DepartmentID>5</DepartmentID>
    <GroupName>Inventory Management</GroupName>
  </DataTable1>
  <DataTable1>
    <Name>Purchasing</Name>
    <FirstName>Reinout</FirstName>
    <LastName>Hillmann</LastName>
    <Title>Purchasing Assistant</Title>
    <DepartmentID>5</DepartmentID>
    <GroupName>Inventory Management</GroupName>
  </DataTable1>
  <DataTable1>
    <Name>Purchasing</Name>
    <FirstName>Gordon</FirstName>
    <LastName>Hee</LastName>
    <Title>Buyer</Title>
    <DepartmentID>5</DepartmentID>
    <GroupName>Inventory Management</GroupName>
  </DataTable1>
  <DataTable1>
    <Name>Purchasing</Name>
    <FirstName>Erin</FirstName>
    <LastName>Hagins</LastName>
    <Title>Buyer</Title>
    <DepartmentID>5</DepartmentID>
    <GroupName>Inventory Management</GroupName>
  </DataTable1>
  <DataTable1>
    <Name>Purchasing</Name>
    <FirstName>Eric</FirstName>
    <LastName>Kurjan</LastName>
    <Title>Buyer</Title>
    <DepartmentID>5</DepartmentID>
    <GroupName>Inventory Management</GroupName>
  </DataTable1>
  <DataTable1>
    <Name>Purchasing</Name>
    <FirstName>Ben</FirstName>
    <LastName>Miller</LastName>
    <Title>Buyer</Title>
    <DepartmentID>5</DepartmentID>
    <GroupName>Inventory Management</GroupName>
  </DataTable1>
  <DataTable1>
    <Name>Purchasing</Name>
    <FirstName>Linda</FirstName>
    <LastName>Meisner</LastName>
    <Title>Buyer</Title>
    <DepartmentID>5</DepartmentID>
    <GroupName>Inventory Management</GroupName>
  </DataTable1>
  <DataTable1>
    <Name>Purchasing</Name>
    <FirstName>Fukiko</FirstName>
    <LastName>Ogisu</LastName>
    <Title>Buyer</Title>
    <DepartmentID>5</DepartmentID>
    <GroupName>Inventory Management</GroupName>
  </DataTable1>
  <DataTable1>
    <Name>Purchasing</Name>
    <FirstName>Frank</FirstName>
    <LastName>Pellow</LastName>
    <Title>Buyer</Title>
    <DepartmentID>5</DepartmentID>
    <GroupName>Inventory Management</GroupName>
  </DataTable1>
  <DataTable1>
    <Name>Purchasing</Name>
    <FirstName>Mikael</FirstName>
    <LastName>Sandberg</LastName>
    <Title>Buyer</Title>
    <DepartmentID>5</DepartmentID>
    <GroupName>Inventory Management</GroupName>
  </DataTable1>
  <DataTable1>
    <Name>Purchasing</Name>
    <FirstName>Arvind</FirstName>
    <LastName>Rao</LastName>
    <Title>Buyer</Title>
    <DepartmentID>5</DepartmentID>
    <GroupName>Inventory Management</GroupName>
  </DataTable1>
  <DataTable1>
    <Name>Research and Development</Name>
    <FirstName>Dylan</FirstName>
    <LastName>Miller</LastName>
    <Title>Research &amp; Development Manager</Title>
    <DepartmentID>6</DepartmentID>
    <GroupName>Research and Development</GroupName>
  </DataTable1>
  <DataTable1>
    <Name>Research and Development</Name>
    <FirstName>Diane</FirstName>
    <LastName>Margheim</LastName>
    <Title>Research &amp; Development Engineer</Title>
    <DepartmentID>6</DepartmentID>
    <GroupName>Research and Development</GroupName>
  </DataTable1>
  <DataTable1>
    <Name>Research and Development</Name>
    <FirstName>Gigi</FirstName>
    <LastName>Matthew</LastName>
    <Title>Research &amp; Development Engineer</Title>
    <DepartmentID>6</DepartmentID>
    <GroupName>Research and Development</GroupName>
  </DataTable1>
  <DataTable1>
    <Name>Production</Name>
    <FirstName>James</FirstName>
    <LastName>Hamilton</LastName>
    <Title>VP Production</Title>
    <DepartmentID>7</DepartmentID>
    <GroupName>Manufacturing</GroupName>
  </DataTable1>
  <DataTable1>
    <Name>Production</Name>
    <FirstName>Andrew</FirstName>
    <LastName>Hill</LastName>
    <Title>Production Supervisor - WC10</Title>
    <DepartmentID>7</DepartmentID>
    <GroupName>Manufacturing</GroupName>
  </DataTable1>
  <DataTable1>
    <Name>Production</Name>
    <FirstName>Zheng</FirstName>
    <LastName>Mu</LastName>
    <Title>Production Supervisor - WC10</Title>
    <DepartmentID>7</DepartmentID>
    <GroupName>Manufacturing</GroupName>
  </DataTable1>
  <DataTable1>
    <Name>Production</Name>
    <FirstName>Cristian</FirstName>
    <LastName>Petculescu</LastName>
    <Title>Production Supervisor - WC10</Title>
    <DepartmentID>7</DepartmentID>
    <GroupName>Manufacturing</GroupName>
  </DataTable1>
  <DataTable1>
    <Name>Production</Name>
    <FirstName>Jack</FirstName>
    <LastName>Richins</LastName>
    <Title>Production Supervisor - WC30</Title>
    <DepartmentID>7</DepartmentID>
    <GroupName>Manufacturing</GroupName>
  </DataTable1>
  <DataTable1>
    <Name>Production</Name>
    <FirstName>Cynthia</FirstName>
    <LastName>Randall</LastName>
    <Title>Production Supervisor - WC30</Title>
    <DepartmentID>7</DepartmentID>
    <GroupName>Manufacturing</GroupName>
  </DataTable1>
  <DataTable1>
    <Name>Production</Name>
    <FirstName>Michael</FirstName>
    <LastName>Ray</LastName>
    <Title>Production Supervisor - WC30</Title>
    <DepartmentID>7</DepartmentID>
    <GroupName>Manufacturing</GroupName>
  </DataTable1>
  <DataTable1>
    <Name>Production</Name>
    <FirstName>Brenda</FirstName>
    <LastName>Diaz</LastName>
    <Title>Production Supervisor - WC40</Title>
    <DepartmentID>7</DepartmentID>
    <GroupName>Manufacturing</GroupName>
  </DataTable1>
  <DataTable1>
    <Name>Production</Name>
    <FirstName>Reuben</FirstName>
    <LastName>D'sa</LastName>
    <Title>Production Supervisor - WC40</Title>
    <DepartmentID>7</DepartmentID>
    <GroupName>Manufacturing</GroupName>
  </DataTable1>
  <DataTable1>
    <Name>Production</Name>
    <FirstName>David</FirstName>
    <LastName>Hamilton</LastName>
    <Title>Production Supervisor - WC40</Title>
    <DepartmentID>7</DepartmentID>
    <GroupName>Manufacturing</GroupName>
  </DataTable1>
  <DataTable1>
    <Name>Production</Name>
    <FirstName>Jeff</FirstName>
    <LastName>Hay</LastName>
    <Title>Production Supervisor - WC45</Title>
    <DepartmentID>7</DepartmentID>
    <GroupName>Manufacturing</GroupName>
  </DataTable1>
  <DataTable1>
    <Name>Production</Name>
    <FirstName>Shane</FirstName>
    <LastName>Kim</LastName>
    <Title>Production Supervisor - WC45</Title>
    <DepartmentID>7</DepartmentID>
    <GroupName>Manufacturing</GroupName>
  </DataTable1>
  <DataTable1>
    <Name>Production</Name>
    <FirstName>Lori</FirstName>
    <LastName>Kane</LastName>
    <Title>Production Supervisor - WC45</Title>
    <DepartmentID>7</DepartmentID>
    <GroupName>Manufacturing</GroupName>
  </DataTable1>
  <DataTable1>
    <Name>Production</Name>
    <FirstName>Jinghao</FirstName>
    <LastName>Liu</LastName>
    <Title>Production Supervisor - WC50</Title>
    <DepartmentID>7</DepartmentID>
    <GroupName>Manufacturing</GroupName>
  </DataTable1>
  <DataTable1>
    <Name>Production</Name>
    <FirstName>Kok-Ho</FirstName>
    <LastName>Loh</LastName>
    <Title>Production Supervisor - WC50</Title>
    <DepartmentID>7</DepartmentID>
    <GroupName>Manufacturing</GroupName>
  </DataTable1>
  <DataTable1>
    <Name>Production</Name>
    <FirstName>Taylor</FirstName>
    <LastName>Maxwell</LastName>
    <Title>Production Supervisor - WC50</Title>
    <DepartmentID>7</DepartmentID>
    <GroupName>Manufacturing</GroupName>
  </DataTable1>
  <DataTable1>
    <Name>Production</Name>
    <FirstName>Jo</FirstName>
    <LastName>Brown</LastName>
    <Title>Production Supervisor - WC60</Title>
    <DepartmentID>7</DepartmentID>
    <GroupName>Manufacturing</GroupName>
  </DataTable1>
  <DataTable1>
    <Name>Production</Name>
    <FirstName>John</FirstName>
    <LastName>Campbell</LastName>
    <Title>Production Supervisor - WC60</Title>
    <DepartmentID>7</DepartmentID>
    <GroupName>Manufacturing</GroupName>
  </DataTable1>
  <DataTable1>
    <Name>Production</Name>
    <FirstName>JoLynn</FirstName>
    <LastName>Dobney</LastName>
    <Title>Production Supervisor - WC60</Title>
    <DepartmentID>7</DepartmentID>
    <GroupName>Manufacturing</GroupName>
  </DataTable1>
  <DataTable1>
    <Name>Production</Name>
    <FirstName>Matt</FirstName>
    <LastName>Dawson</LastName>
    <Title>Production Technician - WC10</Title>
    <DepartmentID>7</DepartmentID>
    <GroupName>Manufacturing</GroupName>
  </DataTable1>
  <DataTable1>
    <Name>Production</Name>
    <FirstName>Sidney</FirstName>
    <LastName>Higa</LastName>
    <Title>Production Technician - WC10</Title>
    <DepartmentID>7</DepartmentID>
    <GroupName>Manufacturing</GroupName>
  </DataTable1>
  <DataTable1>
    <Name>Production</Name>
    <FirstName>Jeffrey</FirstName>
    <LastName>Ford</LastName>
    <Title>Production Technician - WC10</Title>
    <DepartmentID>7</DepartmentID>
    <GroupName>Manufacturing</GroupName>
  </DataTable1>
  <DataTable1>
    <Name>Production</Name>
    <FirstName>Doris</FirstName>
    <LastName>Hartwig</LastName>
    <Title>Production Technician - WC10</Title>
    <DepartmentID>7</DepartmentID>
    <GroupName>Manufacturing</GroupName>
  </DataTable1>
  <DataTable1>
    <Name>Production</Name>
    <FirstName>Diane</FirstName>
    <LastName>Glimp</LastName>
    <Title>Production Technician - WC10</Title>
    <DepartmentID>7</DepartmentID>
    <GroupName>Manufacturing</GroupName>
  </DataTable1>
  <DataTable1>
    <Name>Production</Name>
    <FirstName>Barry</FirstName>
    <LastName>Johnson</LastName>
    <Title>Production Technician - WC10</Title>
    <DepartmentID>7</DepartmentID>
    <GroupName>Manufacturing</GroupName>
  </DataTable1>
  <DataTable1>
    <Name>Production</Name>
    <FirstName>Geneva</FirstName>
    <LastName>Kouba</LastName>
    <Title>Production Technician - WC10</Title>
    <DepartmentID>7</DepartmentID>
    <GroupName>Manufacturing</GroupName>
  </DataTable1>
  <DataTable1>
    <Name>Production</Name>
    <FirstName>Kevin</FirstName>
    <LastName>Homer</LastName>
    <Title>Production Technician - WC10</Title>
    <DepartmentID>7</DepartmentID>
    <GroupName>Manufacturing</GroupName>
  </DataTable1>
  <DataTable1>
    <Name>Production</Name>
    <FirstName>Christopher</FirstName>
    <LastName>Hill</LastName>
    <Title>Production Technician - WC10</Title>
    <DepartmentID>7</DepartmentID>
    <GroupName>Manufacturing</GroupName>
  </DataTable1>
  <DataTable1>
    <Name>Production</Name>
    <FirstName>John</FirstName>
    <LastName>Kane</LastName>
    <Title>Production Technician - WC10</Title>
    <DepartmentID>7</DepartmentID>
    <GroupName>Manufacturing</GroupName>
  </DataTable1>
  <DataTable1>
    <Name>Production</Name>
    <FirstName>Ebru</FirstName>
    <LastName>Ersan</LastName>
    <Title>Production Technician - WC10</Title>
    <DepartmentID>7</DepartmentID>
    <GroupName>Manufacturing</GroupName>
  </DataTable1>
  <DataTable1>
    <Name>Production</Name>
    <FirstName>Mary</FirstName>
    <LastName>Baker</LastName>
    <Title>Production Technician - WC10</Title>
    <DepartmentID>7</DepartmentID>
    <GroupName>Manufacturing</GroupName>
  </DataTable1>
  <DataTable1>
    <Name>Production</Name>
    <FirstName>Kimberly</FirstName>
    <LastName>Zimmerman</LastName>
    <Title>Production Technician - WC10</Title>
    <DepartmentID>7</DepartmentID>
    <GroupName>Manufacturing</GroupName>
  </DataTable1>
  <DataTable1>
    <Name>Production</Name>
    <FirstName>Patrick</FirstName>
    <LastName>Wedge</LastName>
    <Title>Production Technician - WC10</Title>
    <DepartmentID>7</DepartmentID>
    <GroupName>Manufacturing</GroupName>
  </DataTable1>
  <DataTable1>
    <Name>Production</Name>
    <FirstName>Danielle</FirstName>
    <LastName>Tiedt</LastName>
    <Title>Production Technician - WC10</Title>
    <DepartmentID>7</DepartmentID>
    <GroupName>Manufacturing</GroupName>
  </DataTable1>
  <DataTable1>
    <Name>Production</Name>
    <FirstName>Tom</FirstName>
    <LastName>Vande Velde</LastName>
    <Title>Production Technician - WC10</Title>
    <DepartmentID>7</DepartmentID>
    <GroupName>Manufacturing</GroupName>
  </DataTable1>
  <DataTable1>
    <Name>Production</Name>
    <FirstName>Betsy</FirstName>
    <LastName>Stadick</LastName>
    <Title>Production Technician - WC10</Title>
    <DepartmentID>7</DepartmentID>
    <GroupName>Manufacturing</GroupName>
  </DataTable1>
  <DataTable1>
    <Name>Production</Name>
    <FirstName>Hung-Fu</FirstName>
    <LastName>Ting</LastName>
    <Title>Production Technician - WC20</Title>
    <DepartmentID>7</DepartmentID>
    <GroupName>Manufacturing</GroupName>
  </DataTable1>
  <DataTable1>
    <Name>Production</Name>
    <FirstName>Min</FirstName>
    <LastName>Su</LastName>
    <Title>Production Technician - WC20</Title>
    <DepartmentID>7</DepartmentID>
    <GroupName>Manufacturing</GroupName>
  </DataTable1>
  <DataTable1>
    <Name>Production</Name>
    <FirstName>Balaganesan</FirstName>
    <LastName>Swaminathan</LastName>
    <Title>Production Technician - WC20</Title>
    <DepartmentID>7</DepartmentID>
    <GroupName>Manufacturing</GroupName>
  </DataTable1>
  <DataTable1>
    <Name>Production</Name>
    <FirstName>Olinda</FirstName>
    <LastName>Turner</LastName>
    <Title>Production Technician - WC20</Title>
    <DepartmentID>7</DepartmentID>
    <GroupName>Manufacturing</GroupName>
  </DataTable1>
  <DataTable1>
    <Name>Production</Name>
    <FirstName>Sylvester</FirstName>
    <LastName>Valdez</LastName>
    <Title>Production Technician - WC20</Title>
    <DepartmentID>7</DepartmentID>
    <GroupName>Manufacturing</GroupName>
  </DataTable1>
  <DataTable1>
    <Name>Production</Name>
    <FirstName>Prasanna</FirstName>
    <LastName>Samarawickrama</LastName>
    <Title>Production Technician - WC20</Title>
    <DepartmentID>7</DepartmentID>
    <GroupName>Manufacturing</GroupName>
  </DataTable1>
  <DataTable1>
    <Name>Production</Name>
    <FirstName>Paul</FirstName>
    <LastName>Singh</LastName>
    <Title>Production Technician - WC20</Title>
    <DepartmentID>7</DepartmentID>
    <GroupName>Manufacturing</GroupName>
  </DataTable1>
  <DataTable1>
    <Name>Production</Name>
    <FirstName>Samantha</FirstName>
    <LastName>Smith</LastName>
    <Title>Production Technician - WC20</Title>
    <DepartmentID>7</DepartmentID>
    <GroupName>Manufacturing</GroupName>
  </DataTable1>
  <DataTable1>
    <Name>Production</Name>
    <FirstName>Anibal</FirstName>
    <LastName>Sousa</LastName>
    <Title>Production Technician - WC20</Title>
    <DepartmentID>7</DepartmentID>
    <GroupName>Manufacturing</GroupName>
  </DataTable1>
  <DataTable1>
    <Name>Production</Name>
    <FirstName>Ivo</FirstName>
    <LastName>Salmre</LastName>
    <Title>Production Technician - WC20</Title>
    <DepartmentID>7</DepartmentID>
    <GroupName>Manufacturing</GroupName>
  </DataTable1>
  <DataTable1>
    <Name>Production</Name>
    <FirstName>Raymond</FirstName>
    <LastName>Sam</LastName>
    <Title>Production Technician - WC20</Title>
    <DepartmentID>7</DepartmentID>
    <GroupName>Manufacturing</GroupName>
  </DataTable1>
  <DataTable1>
    <Name>Production</Name>
    <FirstName>Lane</FirstName>
    <LastName>Sacksteder</LastName>
    <Title>Production Technician - WC20</Title>
    <DepartmentID>7</DepartmentID>
    <GroupName>Manufacturing</GroupName>
  </DataTable1>
  <DataTable1>
    <Name>Production</Name>
    <FirstName>Linda</FirstName>
    <LastName>Randall</LastName>
    <Title>Production Technician - WC20</Title>
    <DepartmentID>7</DepartmentID>
    <GroupName>Manufacturing</GroupName>
  </DataTable1>
  <DataTable1>
    <Name>Production</Name>
    <FirstName>Barry</FirstName>
    <LastName>Potter</LastName>
    <Title>Production Technician - WC20</Title>
    <DepartmentID>7</DepartmentID>
    <GroupName>Manufacturing</GroupName>
  </DataTable1>
  <DataTable1>
    <Name>Production</Name>
    <FirstName>Shelley</FirstName>
    <LastName>Dyck</LastName>
    <Title>Production Technician - WC20</Title>
    <DepartmentID>7</DepartmentID>
    <GroupName>Manufacturing</GroupName>
  </DataTable1>
  <DataTable1>
    <Name>Production</Name>
    <FirstName>Hanying</FirstName>
    <LastName>Feng</LastName>
    <Title>Production Technician - WC20</Title>
    <DepartmentID>7</DepartmentID>
    <GroupName>Manufacturing</GroupName>
  </DataTable1>
  <DataTable1>
    <Name>Production</Name>
    <FirstName>Fadi</FirstName>
    <LastName>Fakhouri</LastName>
    <Title>Production Technician - WC20</Title>
    <DepartmentID>7</DepartmentID>
    <GroupName>Manufacturing</GroupName>
  </DataTable1>
  <DataTable1>
    <Name>Production</Name>
    <FirstName>Barbara</FirstName>
    <LastName>Decker</LastName>
    <Title>Production Technician - WC20</Title>
    <DepartmentID>7</DepartmentID>
    <GroupName>Manufacturing</GroupName>
  </DataTable1>
  <DataTable1>
    <Name>Production</Name>
    <FirstName>John</FirstName>
    <LastName>Chen</LastName>
    <Title>Production Technician - WC20</Title>
    <DepartmentID>7</DepartmentID>
    <GroupName>Manufacturing</GroupName>
  </DataTable1>
  <DataTable1>
    <Name>Production</Name>
    <FirstName>Jonathan</FirstName>
    <LastName>Hass</LastName>
    <Title>Production Technician - WC20</Title>
    <DepartmentID>7</DepartmentID>
    <GroupName>Manufacturing</GroupName>
  </DataTable1>
  <DataTable1>
    <Name>Production</Name>
    <FirstName>Michael</FirstName>
    <LastName>Hines</LastName>
    <Title>Production Technician - WC20</Title>
    <DepartmentID>7</DepartmentID>
    <GroupName>Manufacturing</GroupName>
  </DataTable1>
  <DataTable1>
    <Name>Production</Name>
    <FirstName>Wendy</FirstName>
    <LastName>Kahn</LastName>
    <Title>Production Technician - WC20</Title>
    <DepartmentID>7</DepartmentID>
    <GroupName>Manufacturing</GroupName>
  </DataTable1>
  <DataTable1>
    <Name>Production</Name>
    <FirstName>Marc</FirstName>
    <LastName>Ingle</LastName>
    <Title>Production Technician - WC30</Title>
    <DepartmentID>7</DepartmentID>
    <GroupName>Manufacturing</GroupName>
  </DataTable1>
  <DataTable1>
    <Name>Production</Name>
    <FirstName>Reed</FirstName>
    <LastName>Koch</LastName>
    <Title>Production Technician - WC30</Title>
    <DepartmentID>7</DepartmentID>
    <GroupName>Manufacturing</GroupName>
  </DataTable1>
  <DataTable1>
    <Name>Production</Name>
    <FirstName>Russell</FirstName>
    <LastName>King</LastName>
    <Title>Production Technician - WC30</Title>
    <DepartmentID>7</DepartmentID>
    <GroupName>Manufacturing</GroupName>
  </DataTable1>
  <DataTable1>
    <Name>Production</Name>
    <FirstName>David</FirstName>
    <LastName>Johnson</LastName>
    <Title>Production Technician - WC30</Title>
    <DepartmentID>7</DepartmentID>
    <GroupName>Manufacturing</GroupName>
  </DataTable1>
  <DataTable1>
    <Name>Production</Name>
    <FirstName>George</FirstName>
    <LastName>Li</LastName>
    <Title>Production Technician - WC30</Title>
    <DepartmentID>7</DepartmentID>
    <GroupName>Manufacturing</GroupName>
  </DataTable1>
  <DataTable1>
    <Name>Production</Name>
    <FirstName>A</FirstName>
    <LastName>Francesca</LastName>
    <Title>Production Technician - WC30</Title>
    <DepartmentID>7</DepartmentID>
    <GroupName>Manufacturing</GroupName>
  </DataTable1>
  <DataTable1>
    <Name>Production</Name>
    <FirstName>Benjamin</FirstName>
    <LastName>Martin</LastName>
    <Title>Production Technician - WC30</Title>
    <DepartmentID>7</DepartmentID>
    <GroupName>Manufacturing</GroupName>
  </DataTable1>
  <DataTable1>
    <Name>Production</Name>
    <FirstName>David</FirstName>
    <LastName>Lawrence</LastName>
    <Title>Production Technician - WC30</Title>
    <DepartmentID>7</DepartmentID>
    <GroupName>Manufacturing</GroupName>
  </DataTable1>
  <DataTable1>
    <Name>Production</Name>
    <FirstName>Jan</FirstName>
    <LastName>Miksovsky</LastName>
    <Title>Production Technician - WC30</Title>
    <DepartmentID>7</DepartmentID>
    <GroupName>Manufacturing</GroupName>
  </DataTable1>
  <DataTable1>
    <Name>Production</Name>
    <FirstName>Susan</FirstName>
    <LastName>Metters</LastName>
    <Title>Production Technician - WC30</Title>
    <DepartmentID>7</DepartmentID>
    <GroupName>Manufacturing</GroupName>
  </DataTable1>
  <DataTable1>
    <Name>Production</Name>
    <FirstName>David</FirstName>
    <LastName>Yalovsky</LastName>
    <Title>Production Technician - WC30</Title>
    <DepartmentID>7</DepartmentID>
    <GroupName>Manufacturing</GroupName>
  </DataTable1>
  <DataTable1>
    <Name>Production</Name>
    <FirstName>Eugene</FirstName>
    <LastName>Zabokritski</LastName>
    <Title>Production Technician - WC30</Title>
    <DepartmentID>7</DepartmentID>
    <GroupName>Manufacturing</GroupName>
  </DataTable1>
  <DataTable1>
    <Name>Production</Name>
    <FirstName>Garrett</FirstName>
    <LastName>Young</LastName>
    <Title>Production Technician - WC30</Title>
    <DepartmentID>7</DepartmentID>
    <GroupName>Manufacturing</GroupName>
  </DataTable1>
  <DataTable1>
    <Name>Production</Name>
    <FirstName>Michael</FirstName>
    <LastName>Vanderhyde</LastName>
    <Title>Production Technician - WC30</Title>
    <DepartmentID>7</DepartmentID>
    <GroupName>Manufacturing</GroupName>
  </DataTable1>
  <DataTable1>
    <Name>Production</Name>
    <FirstName>Bruce</FirstName>
    <LastName>Wang</LastName>
    <Title>Production Technician - WC30</Title>
    <DepartmentID>7</DepartmentID>
    <GroupName>Manufacturing</GroupName>
  </DataTable1>
  <DataTable1>
    <Name>Production</Name>
    <FirstName>Raja</FirstName>
    <LastName>Venugopal</LastName>
    <Title>Production Technician - WC30</Title>
    <DepartmentID>7</DepartmentID>
    <GroupName>Manufacturing</GroupName>
  </DataTable1>
  <DataTable1>
    <Name>Production</Name>
    <FirstName>Jason</FirstName>
    <LastName>Watters</LastName>
    <Title>Production Technician - WC30</Title>
    <DepartmentID>7</DepartmentID>
    <GroupName>Manufacturing</GroupName>
  </DataTable1>
  <DataTable1>
    <Name>Production</Name>
    <FirstName>Andy</FirstName>
    <LastName>Ruth</LastName>
    <Title>Production Technician - WC30</Title>
    <DepartmentID>7</DepartmentID>
    <GroupName>Manufacturing</GroupName>
  </DataTable1>
  <DataTable1>
    <Name>Production</Name>
    <FirstName>Rostislav</FirstName>
    <LastName>Shabalin</LastName>
    <Title>Production Technician - WC30</Title>
    <DepartmentID>7</DepartmentID>
    <GroupName>Manufacturing</GroupName>
  </DataTable1>
  <DataTable1>
    <Name>Production</Name>
    <FirstName>Steven</FirstName>
    <LastName>Selikoff</LastName>
    <Title>Production Technician - WC30</Title>
    <DepartmentID>7</DepartmentID>
    <GroupName>Manufacturing</GroupName>
  </DataTable1>
  <DataTable1>
    <Name>Production</Name>
    <FirstName>Carole</FirstName>
    <LastName>Poland</LastName>
    <Title>Production Technician - WC30</Title>
    <DepartmentID>7</DepartmentID>
    <GroupName>Manufacturing</GroupName>
  </DataTable1>
  <DataTable1>
    <Name>Production</Name>
    <FirstName>Bjorn</FirstName>
    <LastName>Rettig</LastName>
    <Title>Production Technician - WC30</Title>
    <DepartmentID>7</DepartmentID>
    <GroupName>Manufacturing</GroupName>
  </DataTable1>
  <DataTable1>
    <Name>Production</Name>
    <FirstName>Michiko</FirstName>
    <LastName>Osada</LastName>
    <Title>Production Technician - WC30</Title>
    <DepartmentID>7</DepartmentID>
    <GroupName>Manufacturing</GroupName>
  </DataTable1>
  <DataTable1>
    <Name>Production</Name>
    <FirstName>Carol</FirstName>
    <LastName>Philips</LastName>
    <Title>Production Technician - WC30</Title>
    <DepartmentID>7</DepartmentID>
    <GroupName>Manufacturing</GroupName>
  </DataTable1>
  <DataTable1>
    <Name>Production</Name>
    <FirstName>Merav</FirstName>
    <LastName>Netz</LastName>
    <Title>Production Technician - WC30</Title>
    <DepartmentID>7</DepartmentID>
    <GroupName>Manufacturing</GroupName>
  </DataTable1>
  <DataTable1>
    <Name>Production</Name>
    <FirstName>Fred</FirstName>
    <LastName>Northup</LastName>
    <Title>Production Technician - WC40</Title>
    <DepartmentID>7</DepartmentID>
    <GroupName>Manufacturing</GroupName>
  </DataTable1>
  <DataTable1>
    <Name>Production</Name>
    <FirstName>Rajesh</FirstName>
    <LastName>Patel</LastName>
    <Title>Production Technician - WC40</Title>
    <DepartmentID>7</DepartmentID>
    <GroupName>Manufacturing</GroupName>
  </DataTable1>
  <DataTable1>
    <Name>Production</Name>
    <FirstName>Lorraine</FirstName>
    <LastName>Nay</LastName>
    <Title>Production Technician - WC40</Title>
    <DepartmentID>7</DepartmentID>
    <GroupName>Manufacturing</GroupName>
  </DataTable1>
  <DataTable1>
    <Name>Production</Name>
    <FirstName>Tawana</FirstName>
    <LastName>Nusbaum</LastName>
    <Title>Production Technician - WC40</Title>
    <DepartmentID>7</DepartmentID>
    <GroupName>Manufacturing</GroupName>
  </DataTable1>
  <DataTable1>
    <Name>Production</Name>
    <FirstName>Ken</FirstName>
    <LastName>Myer</LastName>
    <Title>Production Technician - WC40</Title>
    <DepartmentID>7</DepartmentID>
    <GroupName>Manufacturing</GroupName>
  </DataTable1>
  <DataTable1>
    <Name>Production</Name>
    <FirstName>Alejandro</FirstName>
    <LastName>McGuel</LastName>
    <Title>Production Technician - WC40</Title>
    <DepartmentID>7</DepartmentID>
    <GroupName>Manufacturing</GroupName>
  </DataTable1>
  <DataTable1>
    <Name>Production</Name>
    <FirstName>Shammi</FirstName>
    <LastName>Mohamed</LastName>
    <Title>Production Technician - WC40</Title>
    <DepartmentID>7</DepartmentID>
    <GroupName>Manufacturing</GroupName>
  </DataTable1>
  <DataTable1>
    <Name>Production</Name>
    <FirstName>Paula</FirstName>
    <LastName>Nartker</LastName>
    <Title>Production Technician - WC40</Title>
    <DepartmentID>7</DepartmentID>
    <GroupName>Manufacturing</GroupName>
  </DataTable1>
  <DataTable1>
    <Name>Production</Name>
    <FirstName>Brian</FirstName>
    <LastName>Lloyd</LastName>
    <Title>Production Technician - WC40</Title>
    <DepartmentID>7</DepartmentID>
    <GroupName>Manufacturing</GroupName>
  </DataTable1>
  <DataTable1>
    <Name>Production</Name>
    <FirstName>Frank</FirstName>
    <LastName>Lee</LastName>
    <Title>Production Technician - WC40</Title>
    <DepartmentID>7</DepartmentID>
    <GroupName>Manufacturing</GroupName>
  </DataTable1>
  <DataTable1>
    <Name>Production</Name>
    <FirstName>Gabe</FirstName>
    <LastName>Mares</LastName>
    <Title>Production Technician - WC40</Title>
    <DepartmentID>7</DepartmentID>
    <GroupName>Manufacturing</GroupName>
  </DataTable1>
  <DataTable1>
    <Name>Production</Name>
    <FirstName>Kevin</FirstName>
    <LastName>Liu</LastName>
    <Title>Production Technician - WC40</Title>
    <DepartmentID>7</DepartmentID>
    <GroupName>Manufacturing</GroupName>
  </DataTable1>
  <DataTable1>
    <Name>Production</Name>
    <FirstName>Ryan</FirstName>
    <LastName>Cornelsen</LastName>
    <Title>Production Technician - WC40</Title>
    <DepartmentID>7</DepartmentID>
    <GroupName>Manufacturing</GroupName>
  </DataTable1>
  <DataTable1>
    <Name>Production</Name>
    <FirstName>Kirk</FirstName>
    <LastName>DeGrasse</LastName>
    <Title>Production Technician - WC40</Title>
    <DepartmentID>7</DepartmentID>
    <GroupName>Manufacturing</GroupName>
  </DataTable1>
  <DataTable1>
    <Name>Production</Name>
    <FirstName>Patrick</FirstName>
    <LastName>Cook</LastName>
    <Title>Production Technician - WC40</Title>
    <DepartmentID>7</DepartmentID>
    <GroupName>Manufacturing</GroupName>
  </DataTable1>
  <DataTable1>
    <Name>Production</Name>
    <FirstName>Jack</FirstName>
    <LastName>Creasey</LastName>
    <Title>Production Technician - WC40</Title>
    <DepartmentID>7</DepartmentID>
    <GroupName>Manufacturing</GroupName>
  </DataTable1>
  <DataTable1>
    <Name>Production</Name>
    <FirstName>Brian</FirstName>
    <LastName>Goldstein</LastName>
    <Title>Production Technician - WC40</Title>
    <DepartmentID>7</DepartmentID>
    <GroupName>Manufacturing</GroupName>
  </DataTable1>
  <DataTable1>
    <Name>Production</Name>
    <FirstName>Mihail</FirstName>
    <LastName>Frintu</LastName>
    <Title>Production Technician - WC40</Title>
    <DepartmentID>7</DepartmentID>
    <GroupName>Manufacturing</GroupName>
  </DataTable1>
  <DataTable1>
    <Name>Production</Name>
    <FirstName>Sandeep</FirstName>
    <LastName>Kaliyath</LastName>
    <Title>Production Technician - WC40</Title>
    <DepartmentID>7</DepartmentID>
    <GroupName>Manufacturing</GroupName>
  </DataTable1>
  <DataTable1>
    <Name>Production</Name>
    <FirstName>Frank</FirstName>
    <LastName>Martinez</LastName>
    <Title>Production Technician - WC40</Title>
    <DepartmentID>7</DepartmentID>
    <GroupName>Manufacturing</GroupName>
  </DataTable1>
  <DataTable1>
    <Name>Production</Name>
    <FirstName>Nicole</FirstName>
    <LastName>Holliday</LastName>
    <Title>Production Technician - WC40</Title>
    <DepartmentID>7</DepartmentID>
    <GroupName>Manufacturing</GroupName>
  </DataTable1>
  <DataTable1>
    <Name>Production</Name>
    <FirstName>Paul</FirstName>
    <LastName>Komosinski</LastName>
    <Title>Production Technician - WC40</Title>
    <DepartmentID>7</DepartmentID>
    <GroupName>Manufacturing</GroupName>
  </DataTable1>
  <DataTable1>
    <Name>Production</Name>
    <FirstName>Gary</FirstName>
    <LastName>Yukish</LastName>
    <Title>Production Technician - WC40</Title>
    <DepartmentID>7</DepartmentID>
    <GroupName>Manufacturing</GroupName>
  </DataTable1>
  <DataTable1>
    <Name>Production</Name>
    <FirstName>Michael</FirstName>
    <LastName>Rothkugel</LastName>
    <Title>Production Technician - WC40</Title>
    <DepartmentID>7</DepartmentID>
    <GroupName>Manufacturing</GroupName>
  </DataTable1>
  <DataTable1>
    <Name>Production</Name>
    <FirstName>Rob</FirstName>
    <LastName>Caron</LastName>
    <Title>Production Technician - WC40</Title>
    <DepartmentID>7</DepartmentID>
    <GroupName>Manufacturing</GroupName>
  </DataTable1>
  <DataTable1>
    <Name>Production</Name>
    <FirstName>Baris</FirstName>
    <LastName>Cetinok</LastName>
    <Title>Production Technician - WC40</Title>
    <DepartmentID>7</DepartmentID>
    <GroupName>Manufacturing</GroupName>
  </DataTable1>
  <DataTable1>
    <Name>Production</Name>
    <FirstName>Andrew</FirstName>
    <LastName>Cencini</LastName>
    <Title>Production Technician - WC45</Title>
    <DepartmentID>7</DepartmentID>
    <GroupName>Manufacturing</GroupName>
  </DataTable1>
  <DataTable1>
    <Name>Production</Name>
    <FirstName>Kirk</FirstName>
    <LastName>Koenigsbauer</LastName>
    <Title>Production Technician - WC45</Title>
    <DepartmentID>7</DepartmentID>
    <GroupName>Manufacturing</GroupName>
  </DataTable1>
  <DataTable1>
    <Name>Production</Name>
    <FirstName>Laura</FirstName>
    <LastName>Steele</LastName>
    <Title>Production Technician - WC45</Title>
    <DepartmentID>7</DepartmentID>
    <GroupName>Manufacturing</GroupName>
  </DataTable1>
  <DataTable1>
    <Name>Production</Name>
    <FirstName>Chris</FirstName>
    <LastName>Preston</LastName>
    <Title>Production Technician - WC45</Title>
    <DepartmentID>7</DepartmentID>
    <GroupName>Manufacturing</GroupName>
  </DataTable1>
  <DataTable1>
    <Name>Production</Name>
    <FirstName>Alex</FirstName>
    <LastName>Nayberg</LastName>
    <Title>Production Technician - WC45</Title>
    <DepartmentID>7</DepartmentID>
    <GroupName>Manufacturing</GroupName>
  </DataTable1>
  <DataTable1>
    <Name>Production</Name>
    <FirstName>Lionel</FirstName>
    <LastName>Penuchot</LastName>
    <Title>Production Technician - WC45</Title>
    <DepartmentID>7</DepartmentID>
    <GroupName>Manufacturing</GroupName>
  </DataTable1>
  <DataTable1>
    <Name>Production</Name>
    <FirstName>Yvonne</FirstName>
    <LastName>McKay</LastName>
    <Title>Production Technician - WC45</Title>
    <DepartmentID>7</DepartmentID>
    <GroupName>Manufacturing</GroupName>
  </DataTable1>
  <DataTable1>
    <Name>Production</Name>
    <FirstName>Douglas</FirstName>
    <LastName>Hite</LastName>
    <Title>Production Technician - WC45</Title>
    <DepartmentID>7</DepartmentID>
    <GroupName>Manufacturing</GroupName>
  </DataTable1>
  <DataTable1>
    <Name>Production</Name>
    <FirstName>Janeth</FirstName>
    <LastName>Esteves</LastName>
    <Title>Production Technician - WC45</Title>
    <DepartmentID>7</DepartmentID>
    <GroupName>Manufacturing</GroupName>
  </DataTable1>
  <DataTable1>
    <Name>Production</Name>
    <FirstName>Robert</FirstName>
    <LastName>Rounthwaite</LastName>
    <Title>Production Technician - WC45</Title>
    <DepartmentID>7</DepartmentID>
    <GroupName>Manufacturing</GroupName>
  </DataTable1>
  <DataTable1>
    <Name>Production</Name>
    <FirstName>Belinda</FirstName>
    <LastName>Newman</LastName>
    <Title>Production Technician - WC45</Title>
    <DepartmentID>7</DepartmentID>
    <GroupName>Manufacturing</GroupName>
  </DataTable1>
  <DataTable1>
    <Name>Production</Name>
    <FirstName>Stuart</FirstName>
    <LastName>Munson</LastName>
    <Title>Production Technician - WC45</Title>
    <DepartmentID>7</DepartmentID>
    <GroupName>Manufacturing</GroupName>
  </DataTable1>
  <DataTable1>
    <Name>Production</Name>
    <FirstName>Osarumwense</FirstName>
    <LastName>Agbonile</LastName>
    <Title>Production Technician - WC45</Title>
    <DepartmentID>7</DepartmentID>
    <GroupName>Manufacturing</GroupName>
  </DataTable1>
  <DataTable1>
    <Name>Production</Name>
    <FirstName>Scott</FirstName>
    <LastName>Gode</LastName>
    <Title>Production Technician - WC45</Title>
    <DepartmentID>7</DepartmentID>
    <GroupName>Manufacturing</GroupName>
  </DataTable1>
  <DataTable1>
    <Name>Production</Name>
    <FirstName>Kathie</FirstName>
    <LastName>Flood</LastName>
    <Title>Production Technician - WC45</Title>
    <DepartmentID>7</DepartmentID>
    <GroupName>Manufacturing</GroupName>
  </DataTable1>
  <DataTable1>
    <Name>Production</Name>
    <FirstName>Don</FirstName>
    <LastName>Hall</LastName>
    <Title>Production Technician - WC50</Title>
    <DepartmentID>7</DepartmentID>
    <GroupName>Manufacturing</GroupName>
  </DataTable1>
  <DataTable1>
    <Name>Production</Name>
    <FirstName>Kitti</FirstName>
    <LastName>Lertpiriyasuwat</LastName>
    <Title>Production Technician - WC50</Title>
    <DepartmentID>7</DepartmentID>
    <GroupName>Manufacturing</GroupName>
  </DataTable1>
  <DataTable1>
    <Name>Production</Name>
    <FirstName>Jun</FirstName>
    <LastName>Cao</LastName>
    <Title>Production Technician - WC50</Title>
    <DepartmentID>7</DepartmentID>
    <GroupName>Manufacturing</GroupName>
  </DataTable1>
  <DataTable1>
    <Name>Production</Name>
    <FirstName>John</FirstName>
    <LastName>Evans</LastName>
    <Title>Production Technician - WC50</Title>
    <DepartmentID>7</DepartmentID>
    <GroupName>Manufacturing</GroupName>
  </DataTable1>
  <DataTable1>
    <Name>Production</Name>
    <FirstName>Angela</FirstName>
    <LastName>Barbariol</LastName>
    <Title>Production Technician - WC50</Title>
    <DepartmentID>7</DepartmentID>
    <GroupName>Manufacturing</GroupName>
  </DataTable1>
  <DataTable1>
    <Name>Production</Name>
    <FirstName>Suroor</FirstName>
    <LastName>Fatima</LastName>
    <Title>Production Technician - WC50</Title>
    <DepartmentID>7</DepartmentID>
    <GroupName>Manufacturing</GroupName>
  </DataTable1>
  <DataTable1>
    <Name>Production</Name>
    <FirstName>Michael</FirstName>
    <LastName>Entin</LastName>
    <Title>Production Technician - WC50</Title>
    <DepartmentID>7</DepartmentID>
    <GroupName>Manufacturing</GroupName>
  </DataTable1>
  <DataTable1>
    <Name>Production</Name>
    <FirstName>Alice</FirstName>
    <LastName>Ciccu</LastName>
    <Title>Production Technician - WC50</Title>
    <DepartmentID>7</DepartmentID>
    <GroupName>Manufacturing</GroupName>
  </DataTable1>
  <DataTable1>
    <Name>Production</Name>
    <FirstName>Linda</FirstName>
    <LastName>Moschel</LastName>
    <Title>Production Technician - WC50</Title>
    <DepartmentID>7</DepartmentID>
    <GroupName>Manufacturing</GroupName>
  </DataTable1>
  <DataTable1>
    <Name>Production</Name>
    <FirstName>Mindaugas</FirstName>
    <LastName>Krapauskas</LastName>
    <Title>Production Technician - WC50</Title>
    <DepartmentID>7</DepartmentID>
    <GroupName>Manufacturing</GroupName>
  </DataTable1>
  <DataTable1>
    <Name>Production</Name>
    <FirstName>Michael</FirstName>
    <LastName>Patten</LastName>
    <Title>Production Technician - WC50</Title>
    <DepartmentID>7</DepartmentID>
    <GroupName>Manufacturing</GroupName>
  </DataTable1>
  <DataTable1>
    <Name>Production</Name>
    <FirstName>Chad</FirstName>
    <LastName>Niswonger</LastName>
    <Title>Production Technician - WC50</Title>
    <DepartmentID>7</DepartmentID>
    <GroupName>Manufacturing</GroupName>
  </DataTable1>
  <DataTable1>
    <Name>Production</Name>
    <FirstName>Mandar</FirstName>
    <LastName>Samant</LastName>
    <Title>Production Technician - WC50</Title>
    <DepartmentID>7</DepartmentID>
    <GroupName>Manufacturing</GroupName>
  </DataTable1>
  <DataTable1>
    <Name>Production</Name>
    <FirstName>Jim</FirstName>
    <LastName>Scardelis</LastName>
    <Title>Production Technician - WC50</Title>
    <DepartmentID>7</DepartmentID>
    <GroupName>Manufacturing</GroupName>
  </DataTable1>
  <DataTable1>
    <Name>Production</Name>
    <FirstName>Wei</FirstName>
    <LastName>Yu</LastName>
    <Title>Production Technician - WC50</Title>
    <DepartmentID>7</DepartmentID>
    <GroupName>Manufacturing</GroupName>
  </DataTable1>
  <DataTable1>
    <Name>Production</Name>
    <FirstName>Houman</FirstName>
    <LastName>Pournasseh</LastName>
    <Title>Production Technician - WC50</Title>
    <DepartmentID>7</DepartmentID>
    <GroupName>Manufacturing</GroupName>
  </DataTable1>
  <DataTable1>
    <Name>Production</Name>
    <FirstName>Sameer</FirstName>
    <LastName>Tejani</LastName>
    <Title>Production Technician - WC50</Title>
    <DepartmentID>7</DepartmentID>
    <GroupName>Manufacturing</GroupName>
  </DataTable1>
  <DataTable1>
    <Name>Production</Name>
    <FirstName>Elizabeth</FirstName>
    <LastName>Keyser</LastName>
    <Title>Production Technician - WC50</Title>
    <DepartmentID>7</DepartmentID>
    <GroupName>Manufacturing</GroupName>
  </DataTable1>
  <DataTable1>
    <Name>Production</Name>
    <FirstName>Russell</FirstName>
    <LastName>Hunter</LastName>
    <Title>Production Technician - WC50</Title>
    <DepartmentID>7</DepartmentID>
    <GroupName>Manufacturing</GroupName>
  </DataTable1>
  <DataTable1>
    <Name>Production</Name>
    <FirstName>Lolan</FirstName>
    <LastName>Song</LastName>
    <Title>Production Technician - WC50</Title>
    <DepartmentID>7</DepartmentID>
    <GroupName>Manufacturing</GroupName>
  </DataTable1>
  <DataTable1>
    <Name>Production</Name>
    <FirstName>Diane</FirstName>
    <LastName>Tibbott</LastName>
    <Title>Production Technician - WC50</Title>
    <DepartmentID>7</DepartmentID>
    <GroupName>Manufacturing</GroupName>
  </DataTable1>
  <DataTable1>
    <Name>Production</Name>
    <FirstName>Denise</FirstName>
    <LastName>Smith</LastName>
    <Title>Production Technician - WC50</Title>
    <DepartmentID>7</DepartmentID>
    <GroupName>Manufacturing</GroupName>
  </DataTable1>
  <DataTable1>
    <Name>Production</Name>
    <FirstName>Frank</FirstName>
    <LastName>Miller</LastName>
    <Title>Production Technician - WC50</Title>
    <DepartmentID>7</DepartmentID>
    <GroupName>Manufacturing</GroupName>
  </DataTable1>
  <DataTable1>
    <Name>Production</Name>
    <FirstName>Kendall</FirstName>
    <LastName>Keil</LastName>
    <Title>Production Technician - WC50</Title>
    <DepartmentID>7</DepartmentID>
    <GroupName>Manufacturing</GroupName>
  </DataTable1>
  <DataTable1>
    <Name>Production</Name>
    <FirstName>Bob</FirstName>
    <LastName>Hohman</LastName>
    <Title>Production Technician - WC50</Title>
    <DepartmentID>7</DepartmentID>
    <GroupName>Manufacturing</GroupName>
  </DataTable1>
  <DataTable1>
    <Name>Production</Name>
    <FirstName>Pete</FirstName>
    <LastName>Male</LastName>
    <Title>Production Technician - WC50</Title>
    <DepartmentID>7</DepartmentID>
    <GroupName>Manufacturing</GroupName>
  </DataTable1>
  <DataTable1>
    <Name>Production</Name>
    <FirstName>Britta</FirstName>
    <LastName>Simon</LastName>
    <Title>Production Technician - WC60</Title>
    <DepartmentID>7</DepartmentID>
    <GroupName>Manufacturing</GroupName>
  </DataTable1>
  <DataTable1>
    <Name>Production</Name>
    <FirstName>Suchitra</FirstName>
    <LastName>Mohan</LastName>
    <Title>Production Technician - WC60</Title>
    <DepartmentID>7</DepartmentID>
    <GroupName>Manufacturing</GroupName>
  </DataTable1>
  <DataTable1>
    <Name>Production</Name>
    <FirstName>Chris</FirstName>
    <LastName>Okelberry</LastName>
    <Title>Production Technician - WC60</Title>
    <DepartmentID>7</DepartmentID>
    <GroupName>Manufacturing</GroupName>
  </DataTable1>
  <DataTable1>
    <Name>Production</Name>
    <FirstName>Annik</FirstName>
    <LastName>Stahl</LastName>
    <Title>Production Technician - WC60</Title>
    <DepartmentID>7</DepartmentID>
    <GroupName>Manufacturing</GroupName>
  </DataTable1>
  <DataTable1>
    <Name>Production</Name>
    <FirstName>Margie</FirstName>
    <LastName>Shoop</LastName>
    <Title>Production Technician - WC60</Title>
    <DepartmentID>7</DepartmentID>
    <GroupName>Manufacturing</GroupName>
  </DataTable1>
  <DataTable1>
    <Name>Production</Name>
    <FirstName>Mark</FirstName>
    <LastName>McArthur</LastName>
    <Title>Production Technician - WC60</Title>
    <DepartmentID>7</DepartmentID>
    <GroupName>Manufacturing</GroupName>
  </DataTable1>
  <DataTable1>
    <Name>Production</Name>
    <FirstName>Jose</FirstName>
    <LastName>Lugo</LastName>
    <Title>Production Technician - WC60</Title>
    <DepartmentID>7</DepartmentID>
    <GroupName>Manufacturing</GroupName>
  </DataTable1>
  <DataTable1>
    <Name>Production</Name>
    <FirstName>Guy</FirstName>
    <LastName>Gilbert</LastName>
    <Title>Production Technician - WC60</Title>
    <DepartmentID>7</DepartmentID>
    <GroupName>Manufacturing</GroupName>
  </DataTable1>
  <DataTable1>
    <Name>Production</Name>
    <FirstName>Brandon</FirstName>
    <LastName>Heidepriem</LastName>
    <Title>Production Technician - WC60</Title>
    <DepartmentID>7</DepartmentID>
    <GroupName>Manufacturing</GroupName>
  </DataTable1>
  <DataTable1>
    <Name>Production</Name>
    <FirstName>Rebecca</FirstName>
    <LastName>Laszlo</LastName>
    <Title>Production Technician - WC60</Title>
    <DepartmentID>7</DepartmentID>
    <GroupName>Manufacturing</GroupName>
  </DataTable1>
  <DataTable1>
    <Name>Production</Name>
    <FirstName>Kim</FirstName>
    <LastName>Abercrombie</LastName>
    <Title>Production Technician - WC60</Title>
    <DepartmentID>7</DepartmentID>
    <GroupName>Manufacturing</GroupName>
  </DataTable1>
  <DataTable1>
    <Name>Production</Name>
    <FirstName>Ed</FirstName>
    <LastName>Dudenhoefer</LastName>
    <Title>Production Technician - WC60</Title>
    <DepartmentID>7</DepartmentID>
    <GroupName>Manufacturing</GroupName>
  </DataTable1>
  <DataTable1>
    <Name>Production</Name>
    <FirstName>Michael</FirstName>
    <LastName>Zwilling</LastName>
    <Title>Production Technician - WC60</Title>
    <DepartmentID>7</DepartmentID>
    <GroupName>Manufacturing</GroupName>
  </DataTable1>
  <DataTable1>
    <Name>Production</Name>
    <FirstName>Charles</FirstName>
    <LastName>Fitzgerald</LastName>
    <Title>Production Technician - WC60</Title>
    <DepartmentID>7</DepartmentID>
    <GroupName>Manufacturing</GroupName>
  </DataTable1>
  <DataTable1>
    <Name>Production</Name>
    <FirstName>Karan</FirstName>
    <LastName>Khanna</LastName>
    <Title>Production Technician - WC60</Title>
    <DepartmentID>7</DepartmentID>
    <GroupName>Manufacturing</GroupName>
  </DataTable1>
  <DataTable1>
    <Name>Production</Name>
    <FirstName>Randy</FirstName>
    <LastName>Reeves</LastName>
    <Title>Production Technician - WC60</Title>
    <DepartmentID>7</DepartmentID>
    <GroupName>Manufacturing</GroupName>
  </DataTable1>
  <DataTable1>
    <Name>Production</Name>
    <FirstName>Maciej</FirstName>
    <LastName>Dusza</LastName>
    <Title>Production Technician - WC60</Title>
    <DepartmentID>7</DepartmentID>
    <GroupName>Manufacturing</GroupName>
  </DataTable1>
  <DataTable1>
    <Name>Production</Name>
    <FirstName>Steve</FirstName>
    <LastName>Masters</LastName>
    <Title>Production Technician - WC60</Title>
    <DepartmentID>7</DepartmentID>
    <GroupName>Manufacturing</GroupName>
  </DataTable1>
  <DataTable1>
    <Name>Production</Name>
    <FirstName>Jay</FirstName>
    <LastName>Adams</LastName>
    <Title>Production Technician - WC60</Title>
    <DepartmentID>7</DepartmentID>
    <GroupName>Manufacturing</GroupName>
  </DataTable1>
  <DataTable1>
    <Name>Production</Name>
    <FirstName>David</FirstName>
    <LastName>Ortiz</LastName>
    <Title>Production Technician - WC60</Title>
    <DepartmentID>7</DepartmentID>
    <GroupName>Manufacturing</GroupName>
  </DataTable1>
  <DataTable1>
    <Name>Production</Name>
    <FirstName>Nancy</FirstName>
    <LastName>Anderson</LastName>
    <Title>Production Technician - WC60</Title>
    <DepartmentID>7</DepartmentID>
    <GroupName>Manufacturing</GroupName>
  </DataTable1>
  <DataTable1>
    <Name>Production</Name>
    <FirstName>Kevin</FirstName>
    <LastName>Kennedy</LastName>
    <Title>Production Technician - WC60</Title>
    <DepartmentID>7</DepartmentID>
    <GroupName>Manufacturing</GroupName>
  </DataTable1>
  <DataTable1>
    <Name>Production</Name>
    <FirstName>Jerry</FirstName>
    <LastName>Kolosso</LastName>
    <Title>Production Technician - WC60</Title>
    <DepartmentID>7</DepartmentID>
    <GroupName>Manufacturing</GroupName>
  </DataTable1>
  <DataTable1>
    <Name>Production</Name>
    <FirstName>Thomas</FirstName>
    <LastName>Michaels</LastName>
    <Title>Production Technician - WC60</Title>
    <DepartmentID>7</DepartmentID>
    <GroupName>Manufacturing</GroupName>
  </DataTable1>
  <DataTable1>
    <Name>Production</Name>
    <FirstName>Simon</FirstName>
    <LastName>Rapier</LastName>
    <Title>Production Technician - WC60</Title>
    <DepartmentID>7</DepartmentID>
    <GroupName>Manufacturing</GroupName>
  </DataTable1>
  <DataTable1>
    <Name>Production</Name>
    <FirstName>James</FirstName>
    <LastName>Kramer</LastName>
    <Title>Production Technician - WC60</Title>
    <DepartmentID>7</DepartmentID>
    <GroupName>Manufacturing</GroupName>
  </DataTable1>
  <DataTable1>
    <Name>Production</Name>
    <FirstName>Ruth</FirstName>
    <LastName>Ellerbrock</LastName>
    <Title>Production Supervisor - WC20</Title>
    <DepartmentID>7</DepartmentID>
    <GroupName>Manufacturing</GroupName>
  </DataTable1>
  <DataTable1>
    <Name>Production</Name>
    <FirstName>Yuhong</FirstName>
    <LastName>Li</LastName>
    <Title>Production Supervisor - WC20</Title>
    <DepartmentID>7</DepartmentID>
    <GroupName>Manufacturing</GroupName>
  </DataTable1>
  <DataTable1>
    <Name>Production</Name>
    <FirstName>Katie</FirstName>
    <LastName>McAskill-White</LastName>
    <Title>Production Supervisor - WC20</Title>
    <DepartmentID>7</DepartmentID>
    <GroupName>Manufacturing</GroupName>
  </DataTable1>
  <DataTable1>
    <Name>Production Control</Name>
    <FirstName>Peter</FirstName>
    <LastName>Krebs</LastName>
    <Title>Production Control Manager</Title>
    <DepartmentID>8</DepartmentID>
    <GroupName>Manufacturing</GroupName>
  </DataTable1>
  <DataTable1>
    <Name>Production Control</Name>
    <FirstName>Steven</FirstName>
    <LastName>Wright</LastName>
    <Title>Master Scheduler</Title>
    <DepartmentID>8</DepartmentID>
    <GroupName>Manufacturing</GroupName>
  </DataTable1>
  <DataTable1>
    <Name>Production Control</Name>
    <FirstName>William</FirstName>
    <LastName>Vong</LastName>
    <Title>Scheduling Assistant</Title>
    <DepartmentID>8</DepartmentID>
    <GroupName>Manufacturing</GroupName>
  </DataTable1>
  <DataTable1>
    <Name>Production Control</Name>
    <FirstName>Sairaj</FirstName>
    <LastName>Uddin</LastName>
    <Title>Scheduling Assistant</Title>
    <DepartmentID>8</DepartmentID>
    <GroupName>Manufacturing</GroupName>
  </DataTable1>
  <DataTable1>
    <Name>Production Control</Name>
    <FirstName>Alan</FirstName>
    <LastName>Brewer</LastName>
    <Title>Scheduling Assistant</Title>
    <DepartmentID>8</DepartmentID>
    <GroupName>Manufacturing</GroupName>
  </DataTable1>
  <DataTable1>
    <Name>Production Control</Name>
    <FirstName>Brian</FirstName>
    <LastName>LaMee</LastName>
    <Title>Scheduling Assistant</Title>
    <DepartmentID>8</DepartmentID>
    <GroupName>Manufacturing</GroupName>
  </DataTable1>
  <DataTable1>
    <Name>Human Resources</Name>
    <FirstName>Willis</FirstName>
    <LastName>Johnson</LastName>
    <Title>Recruiter</Title>
    <DepartmentID>9</DepartmentID>
    <GroupName>Executive General and Administration</GroupName>
  </DataTable1>
  <DataTable1>
    <Name>Human Resources</Name>
    <FirstName>Vidur</FirstName>
    <LastName>Luthra</LastName>
    <Title>Recruiter</Title>
    <DepartmentID>9</DepartmentID>
    <GroupName>Executive General and Administration</GroupName>
  </DataTable1>
  <DataTable1>
    <Name>Human Resources</Name>
    <FirstName>Mindy</FirstName>
    <LastName>Martin</LastName>
    <Title>Benefits Specialist</Title>
    <DepartmentID>9</DepartmentID>
    <GroupName>Executive General and Administration</GroupName>
  </DataTable1>
  <DataTable1>
    <Name>Human Resources</Name>
    <FirstName>Hao</FirstName>
    <LastName>Chen</LastName>
    <Title>HR Administrative Assistant</Title>
    <DepartmentID>9</DepartmentID>
    <GroupName>Executive General and Administration</GroupName>
  </DataTable1>
  <DataTable1>
    <Name>Human Resources</Name>
    <FirstName>Grant</FirstName>
    <LastName>Culbertson</LastName>
    <Title>HR Administrative Assistant</Title>
    <DepartmentID>9</DepartmentID>
    <GroupName>Executive General and Administration</GroupName>
  </DataTable1>
  <DataTable1>
    <Name>Human Resources</Name>
    <FirstName>Paula</FirstName>
    <LastName>Barreto de Mattos</LastName>
    <Title>Human Resources Manager</Title>
    <DepartmentID>9</DepartmentID>
    <GroupName>Executive General and Administration</GroupName>
  </DataTable1>
  <DataTable1>
    <Name>Finance</Name>
    <FirstName>Brannon</FirstName>
    <LastName>Jones</LastName>
    <Title>Finance Manager</Title>
    <DepartmentID>10</DepartmentID>
    <GroupName>Executive General and Administration</GroupName>
  </DataTable1>
  <DataTable1>
    <Name>Finance</Name>
    <FirstName>David</FirstName>
    <LastName>Barber</LastName>
    <Title>Assistant to CFO</Title>
    <DepartmentID>10</DepartmentID>
    <GroupName>Executive General and Administration</GroupName>
  </DataTable1>
  <DataTable1>
    <Name>Finance</Name>
    <FirstName>David</FirstName>
    <LastName>Liu</LastName>
    <Title>Accounts Manager</Title>
    <DepartmentID>10</DepartmentID>
    <GroupName>Executive General and Administration</GroupName>
  </DataTable1>
  <DataTable1>
    <Name>Finance</Name>
    <FirstName>Barbara</FirstName>
    <LastName>Moreland</LastName>
    <Title>Accountant</Title>
    <DepartmentID>10</DepartmentID>
    <GroupName>Executive General and Administration</GroupName>
  </DataTable1>
  <DataTable1>
    <Name>Finance</Name>
    <FirstName>Mike</FirstName>
    <LastName>Seamans</LastName>
    <Title>Accountant</Title>
    <DepartmentID>10</DepartmentID>
    <GroupName>Executive General and Administration</GroupName>
  </DataTable1>
  <DataTable1>
    <Name>Finance</Name>
    <FirstName>Deborah</FirstName>
    <LastName>Poe</LastName>
    <Title>Accounts Receivable Specialist</Title>
    <DepartmentID>10</DepartmentID>
    <GroupName>Executive General and Administration</GroupName>
  </DataTable1>
  <DataTable1>
    <Name>Finance</Name>
    <FirstName>Candy</FirstName>
    <LastName>Spoon</LastName>
    <Title>Accounts Receivable Specialist</Title>
    <DepartmentID>10</DepartmentID>
    <GroupName>Executive General and Administration</GroupName>
  </DataTable1>
  <DataTable1>
    <Name>Finance</Name>
    <FirstName>Bryan</FirstName>
    <LastName>Walton</LastName>
    <Title>Accounts Receivable Specialist</Title>
    <DepartmentID>10</DepartmentID>
    <GroupName>Executive General and Administration</GroupName>
  </DataTable1>
  <DataTable1>
    <Name>Finance</Name>
    <FirstName>Dragan</FirstName>
    <LastName>Tomic</LastName>
    <Title>Accounts Payable Specialist</Title>
    <DepartmentID>10</DepartmentID>
    <GroupName>Executive General and Administration</GroupName>
  </DataTable1>
  <DataTable1>
    <Name>Finance</Name>
    <FirstName>Janet</FirstName>
    <LastName>Sheperdigian</LastName>
    <Title>Accounts Payable Specialist</Title>
    <DepartmentID>10</DepartmentID>
    <GroupName>Executive General and Administration</GroupName>
  </DataTable1>
  <DataTable1>
    <Name>Information Services</Name>
    <FirstName>Jason</FirstName>
    <LastName>Carlson</LastName>
    <Title>Information Services Manager</Title>
    <DepartmentID>11</DepartmentID>
    <GroupName>Executive General and Administration</GroupName>
  </DataTable1>
  <DataTable1>
    <Name>Information Services</Name>
    <FirstName>Dan</FirstName>
    <LastName>Wilson</LastName>
    <Title>Database Administrator</Title>
    <DepartmentID>11</DepartmentID>
    <GroupName>Executive General and Administration</GroupName>
  </DataTable1>
  <DataTable1>
    <Name>Information Services</Name>
    <FirstName>François</FirstName>
    <LastName>Ajenstat</LastName>
    <Title>Database Administrator</Title>
    <DepartmentID>11</DepartmentID>
    <GroupName>Executive General and Administration</GroupName>
  </DataTable1>
  <DataTable1>
    <Name>Information Services</Name>
    <FirstName>Stephanie</FirstName>
    <LastName>Conroy</LastName>
    <Title>Network Manager</Title>
    <DepartmentID>11</DepartmentID>
    <GroupName>Executive General and Administration</GroupName>
  </DataTable1>
  <DataTable1>
    <Name>Information Services</Name>
    <FirstName>Kevin</FirstName>
    <LastName>Chrisulis</LastName>
    <Title>Network Administrator</Title>
    <DepartmentID>11</DepartmentID>
    <GroupName>Executive General and Administration</GroupName>
  </DataTable1>
  <DataTable1>
    <Name>Information Services</Name>
    <FirstName>Ashvini</FirstName>
    <LastName>Sharma</LastName>
    <Title>Network Administrator</Title>
    <DepartmentID>11</DepartmentID>
    <GroupName>Executive General and Administration</GroupName>
  </DataTable1>
  <DataTable1>
    <Name>Information Services</Name>
    <FirstName>Humberto</FirstName>
    <LastName>Acevedo</LastName>
    <Title>Application Specialist</Title>
    <DepartmentID>11</DepartmentID>
    <GroupName>Executive General and Administration</GroupName>
  </DataTable1>
  <DataTable1>
    <Name>Information Services</Name>
    <FirstName>Debra</FirstName>
    <LastName>Core</LastName>
    <Title>Application Specialist</Title>
    <DepartmentID>11</DepartmentID>
    <GroupName>Executive General and Administration</GroupName>
  </DataTable1>
  <DataTable1>
    <Name>Information Services</Name>
    <FirstName>Ramesh</FirstName>
    <LastName>Meyyappan</LastName>
    <Title>Application Specialist</Title>
    <DepartmentID>11</DepartmentID>
    <GroupName>Executive General and Administration</GroupName>
  </DataTable1>
  <DataTable1>
    <Name>Information Services</Name>
    <FirstName>Karen</FirstName>
    <LastName>Berg</LastName>
    <Title>Application Specialist</Title>
    <DepartmentID>11</DepartmentID>
    <GroupName>Executive General and Administration</GroupName>
  </DataTable1>
  <DataTable1>
    <Name>Information Services</Name>
    <FirstName>Chris</FirstName>
    <LastName>Norred</LastName>
    <Title>Control Specialist</Title>
    <DepartmentID>11</DepartmentID>
    <GroupName>Executive General and Administration</GroupName>
  </DataTable1>
  <DataTable1>
    <Name>Information Services</Name>
    <FirstName>Tengiz</FirstName>
    <LastName>Kharatishvili</LastName>
    <Title>Control Specialist</Title>
    <DepartmentID>11</DepartmentID>
    <GroupName>Executive General and Administration</GroupName>
  </DataTable1>
  <DataTable1>
    <Name>Document Control</Name>
    <FirstName>Zainal</FirstName>
    <LastName>Arifin</LastName>
    <Title>Document Control Manager</Title>
    <DepartmentID>12</DepartmentID>
    <GroupName>Quality Assurance</GroupName>
  </DataTable1>
  <DataTable1>
    <Name>Document Control</Name>
    <FirstName>Sean</FirstName>
    <LastName>Chai</LastName>
    <Title>Document Control Assistant</Title>
    <DepartmentID>12</DepartmentID>
    <GroupName>Quality Assurance</GroupName>
  </DataTable1>
  <DataTable1>
    <Name>Document Control</Name>
    <FirstName>Karen</FirstName>
    <LastName>Berge</LastName>
    <Title>Document Control Assistant</Title>
    <DepartmentID>12</DepartmentID>
    <GroupName>Quality Assurance</GroupName>
  </DataTable1>
  <DataTable1>
    <Name>Quality Assurance</Name>
    <FirstName>Hazem</FirstName>
    <LastName>Abolrous</LastName>
    <Title>Quality Assurance Manager</Title>
    <DepartmentID>13</DepartmentID>
    <GroupName>Quality Assurance</GroupName>
  </DataTable1>
  <DataTable1>
    <Name>Quality Assurance</Name>
    <FirstName>Peng</FirstName>
    <LastName>Wu</LastName>
    <Title>Quality Assurance Supervisor</Title>
    <DepartmentID>13</DepartmentID>
    <GroupName>Quality Assurance</GroupName>
  </DataTable1>
  <DataTable1>
    <Name>Quality Assurance</Name>
    <FirstName>Sean</FirstName>
    <LastName>Alexander</LastName>
    <Title>Quality Assurance Technician</Title>
    <DepartmentID>13</DepartmentID>
    <GroupName>Quality Assurance</GroupName>
  </DataTable1>
  <DataTable1>
    <Name>Quality Assurance</Name>
    <FirstName>Mark</FirstName>
    <LastName>Harrington</LastName>
    <Title>Quality Assurance Technician</Title>
    <DepartmentID>13</DepartmentID>
    <GroupName>Quality Assurance</GroupName>
  </DataTable1>
  <DataTable1>
    <Name>Quality Assurance</Name>
    <FirstName>Andreas</FirstName>
    <LastName>Berglund</LastName>
    <Title>Quality Assurance Technician</Title>
    <DepartmentID>13</DepartmentID>
    <GroupName>Quality Assurance</GroupName>
  </DataTable1>
  <DataTable1>
    <Name>Quality Assurance</Name>
    <FirstName>Sootha</FirstName>
    <LastName>Charncherngkha</LastName>
    <Title>Quality Assurance Technician</Title>
    <DepartmentID>13</DepartmentID>
    <GroupName>Quality Assurance</GroupName>
  </DataTable1>
  <DataTable1>
    <Name>Facilities and Maintenance</Name>
    <FirstName>Shai</FirstName>
    <LastName>Bassli</LastName>
    <Title>Facilities Manager</Title>
    <DepartmentID>14</DepartmentID>
    <GroupName>Executive General and Administration</GroupName>
  </DataTable1>
  <DataTable1>
    <Name>Facilities and Maintenance</Name>
    <FirstName>Magnus</FirstName>
    <LastName>Hedlund</LastName>
    <Title>Facilities Assistant</Title>
    <DepartmentID>14</DepartmentID>
    <GroupName>Executive General and Administration</GroupName>
  </DataTable1>
  <DataTable1>
    <Name>Facilities and Maintenance</Name>
    <FirstName>Stuart</FirstName>
    <LastName>Macrae</LastName>
    <Title>Janitor</Title>
    <DepartmentID>14</DepartmentID>
    <GroupName>Executive General and Administration</GroupName>
  </DataTable1>
  <DataTable1>
    <Name>Facilities and Maintenance</Name>
    <FirstName>Pat</FirstName>
    <LastName>Coleman</LastName>
    <Title>Janitor</Title>
    <DepartmentID>14</DepartmentID>
    <GroupName>Executive General and Administration</GroupName>
  </DataTable1>
  <DataTable1>
    <Name>Facilities and Maintenance</Name>
    <FirstName>Wanda</FirstName>
    <LastName>Parks</LastName>
    <Title>Janitor</Title>
    <DepartmentID>14</DepartmentID>
    <GroupName>Executive General and Administration</GroupName>
  </DataTable1>
  <DataTable1>
    <Name>Facilities and Maintenance</Name>
    <FirstName>Jo</FirstName>
    <LastName>Berry</LastName>
    <Title>Janitor</Title>
    <DepartmentID>14</DepartmentID>
    <GroupName>Executive General and Administration</GroupName>
  </DataTable1>
  <DataTable1>
    <Name>Facilities and Maintenance</Name>
    <FirstName>Christian</FirstName>
    <LastName>Kleinerman</LastName>
    <Title>Maintenance Supervisor</Title>
    <DepartmentID>14</DepartmentID>
    <GroupName>Executive General and Administration</GroupName>
  </DataTable1>
  <DataTable1>
    <Name>Shipping and Receiving</Name>
    <FirstName>Pilar</FirstName>
    <LastName>Ackerman</LastName>
    <Title>Shipping &amp; Receiving Supervisor</Title>
    <DepartmentID>15</DepartmentID>
    <GroupName>Inventory Management</GroupName>
  </DataTable1>
  <DataTable1>
    <Name>Shipping and Receiving</Name>
    <FirstName>Matthias</FirstName>
    <LastName>Berndt</LastName>
    <Title>Shipping &amp; Receiving Clerk</Title>
    <DepartmentID>15</DepartmentID>
    <GroupName>Inventory Management</GroupName>
  </DataTable1>
  <DataTable1>
    <Name>Shipping and Receiving</Name>
    <FirstName>Vamsi</FirstName>
    <LastName>Kuppa</LastName>
    <Title>Shipping &amp; Receiving Clerk</Title>
    <DepartmentID>15</DepartmentID>
    <GroupName>Inventory Management</GroupName>
  </DataTable1>
  <DataTable1>
    <Name>Shipping and Receiving</Name>
    <FirstName>Jimmy</FirstName>
    <LastName>Bischoff</LastName>
    <Title>Stocker</Title>
    <DepartmentID>15</DepartmentID>
    <GroupName>Inventory Management</GroupName>
  </DataTable1>
  <DataTable1>
    <Name>Shipping and Receiving</Name>
    <FirstName>Susan</FirstName>
    <LastName>Eaton</LastName>
    <Title>Stocker</Title>
    <DepartmentID>15</DepartmentID>
    <GroupName>Inventory Management</GroupName>
  </DataTable1>
  <DataTable1>
    <Name>Shipping and Receiving</Name>
    <FirstName>Kim</FirstName>
    <LastName>Ralls</LastName>
    <Title>Stocker</Title>
    <DepartmentID>15</DepartmentID>
    <GroupName>Inventory Management</GroupName>
  </DataTable1>
  <DataTable1>
    <Name>Executive</Name>
    <FirstName>Ken</FirstName>
    <LastName>Sanchez</LastName>
    <Title>Chief Executive Officer</Title>
    <DepartmentID>16</DepartmentID>
    <GroupName>Executive General and Administration</GroupName>
  </DataTable1>
  <DataTable1>
    <Name>Executive</Name>
    <FirstName>Laura</FirstName>
    <LastName>Norman</LastName>
    <Title>Chief Financial Officer</Title>
    <DepartmentID>16</DepartmentID>
    <GroupName>Executive General and Administration</GroupName>
  </DataTable1>
  <DataTable1>
    <Name>Sales</Name>
    <FirstName>Tete</FirstName>
    <LastName>Mensa-Annan</LastName>
    <Title>Sales Representative</Title>
    <DepartmentID>3</DepartmentID>
    <GroupName>Sales and Marketing</GroupName>
  </DataTable1>
  <DataTable1>
    <Name>Research and Development</Name>
    <FirstName>Michael</FirstName>
    <LastName>Raheem</LastName>
    <Title>Research &amp; Development Manager</Title>
    <DepartmentID>6</DepartmentID>
    <GroupName>Research and Development</GroupName>
  </DataTable1>
  <DataTable1>
    <Name>Tool Design</Name>
    <FirstName>Rob</FirstName>
    <LastName>Walters</LastName>
    <Title>Sr. Tool Designer</Title>
    <DepartmentID>2</DepartmentID>
    <GroupName>Research and Development</GroupName>
  </DataTable1>
</DataSet1>
