<?xml version="1.0" standalone="yes"?>
<DocumentElement>
  <table>
    <Sales>15981.0252</Sales>
    <OrderYear>2003</OrderYear>
    <ProdCat>Component</ProdCat>
    <SubCat>Saddle</SubCat>
    <OrderQtr>Q4</OrderQtr>
  </table>
  <table>
    <Sales>151097.1650</Sales>
    <OrderYear>2003</OrderYear>
    <ProdCat>Clothing</ProdCat>
    <SubCat>Jersey</SubCat>
    <OrderQtr>Q4</OrderQtr>
  </table>
  <table>
    <Sales>56298.7425</Sales>
    <OrderYear>2003</OrderYear>
    <ProdCat>Clothing</ProdCat>
    <SubCat>Tights</SubCat>
    <OrderQtr>Q2</OrderQtr>
  </table>
  <table>
    <Sales>95942.9793</Sales>
    <OrderYear>2004</OrderYear>
    <ProdCat>Clothing</ProdCat>
    <SubCat>Shorts</SubCat>
    <OrderQtr>Q2</OrderQtr>
  </table>
  <table>
    <Sales>31364.9000</Sales>
    <OrderYear>2003</OrderYear>
    <ProdCat>Component</ProdCat>
    <SubCat>Derailleur</SubCat>
    <OrderQtr>Q3</OrderQtr>
  </table>
  <table>
    <Sales>14229.5600</Sales>
    <OrderYear>2004</OrderYear>
    <ProdCat>Accessory</ProdCat>
    <SubCat>Tires &amp; Tubes</SubCat>
    <OrderQtr>Q3</OrderQtr>
  </table>
  <table>
    <Sales>4425.7770</Sales>
    <OrderYear>2004</OrderYear>
    <ProdCat>Clothing</ProdCat>
    <SubCat>Socks</SubCat>
    <OrderQtr>Q1</OrderQtr>
  </table>
  <table>
    <Sales>63768.0000</Sales>
    <OrderYear>2004</OrderYear>
    <ProdCat>Accessory</ProdCat>
    <SubCat>Bike Racks</SubCat>
    <OrderQtr>Q2</OrderQtr>
  </table>
  <table>
    <Sales>528404.3630</Sales>
    <OrderYear>2004</OrderYear>
    <ProdCat>Component</ProdCat>
    <SubCat>Touring Frame</SubCat>
    <OrderQtr>Q2</OrderQtr>
  </table>
  <table>
    <Sales>110602.6955</Sales>
    <OrderYear>2003</OrderYear>
    <ProdCat>Clothing</ProdCat>
    <SubCat>Shorts</SubCat>
    <OrderQtr>Q3</OrderQtr>
  </table>
  <table>
    <Sales>1640.8300</Sales>
    <OrderYear>2004</OrderYear>
    <ProdCat>Clothing</ProdCat>
    <SubCat>Gloves</SubCat>
    <OrderQtr>Q3</OrderQtr>
  </table>
  <table>
    <Sales>827729.2200</Sales>
    <OrderYear>2003</OrderYear>
    <ProdCat>Component</ProdCat>
    <SubCat>Touring Frame</SubCat>
    <OrderQtr>Q3</OrderQtr>
  </table>
  <table>
    <Sales>31938.1920</Sales>
    <OrderYear>2003</OrderYear>
    <ProdCat>Accessory</ProdCat>
    <SubCat>Hydration Pack</SubCat>
    <OrderQtr>Q3</OrderQtr>
  </table>
  <table>
    <Sales>2351.8600</Sales>
    <OrderYear>2004</OrderYear>
    <ProdCat>Accessory</ProdCat>
    <SubCat>Fenders</SubCat>
    <OrderQtr>Q3</OrderQtr>
  </table>
  <table>
    <Sales>90574.3065</Sales>
    <OrderYear>2003</OrderYear>
    <ProdCat>Accessory</ProdCat>
    <SubCat>Helmet</SubCat>
    <OrderQtr>Q4</OrderQtr>
  </table>
  <table>
    <Sales>21222.8826</Sales>
    <OrderYear>2003</OrderYear>
    <ProdCat>Component</ProdCat>
    <SubCat>Handlebars  </SubCat>
    <OrderQtr>Q2</OrderQtr>
  </table>
  <table>
    <Sales>3359.6700</Sales>
    <OrderYear>2004</OrderYear>
    <ProdCat>Accessory</ProdCat>
    <SubCat>Cleaners</SubCat>
    <OrderQtr>Q1</OrderQtr>
  </table>
  <table>
    <Sales>11667.7970</Sales>
    <OrderYear>2003</OrderYear>
    <ProdCat>Accessory</ProdCat>
    <SubCat>Helmet</SubCat>
    <OrderQtr>Q1</OrderQtr>
  </table>
  <table>
    <Sales>17453.3366</Sales>
    <OrderYear>2003</OrderYear>
    <ProdCat>Component</ProdCat>
    <SubCat>Headset</SubCat>
    <OrderQtr>Q2</OrderQtr>
  </table>
  <table>
    <Sales>23380.6700</Sales>
    <OrderYear>2004</OrderYear>
    <ProdCat>Component</ProdCat>
    <SubCat>Derailleur</SubCat>
    <OrderQtr>Q2</OrderQtr>
  </table>
  <table>
    <Sales>54423.6478</Sales>
    <OrderYear>2003</OrderYear>
    <ProdCat>Component</ProdCat>
    <SubCat>Crankset</SubCat>
    <OrderQtr>Q4</OrderQtr>
  </table>
  <table>
    <Sales>23338.9065</Sales>
    <OrderYear>2003</OrderYear>
    <ProdCat>Clothing</ProdCat>
    <SubCat>Bib-Short </SubCat>
    <OrderQtr>Q1</OrderQtr>
  </table>
  <table>
    <Sales>291153.4227</Sales>
    <OrderYear>2003</OrderYear>
    <ProdCat>Component</ProdCat>
    <SubCat>Mountain Frame</SubCat>
    <OrderQtr>Q1</OrderQtr>
  </table>
  <table>
    <Sales>43734.9472</Sales>
    <OrderYear>2004</OrderYear>
    <ProdCat>Component</ProdCat>
    <SubCat>Crankset</SubCat>
    <OrderQtr>Q1</OrderQtr>
  </table>
  <table>
    <Sales>12227.2272</Sales>
    <OrderYear>2003</OrderYear>
    <ProdCat>Component</ProdCat>
    <SubCat>Fork</SubCat>
    <OrderQtr>Q1</OrderQtr>
  </table>
  <table>
    <Sales>9006.0469</Sales>
    <OrderYear>2003</OrderYear>
    <ProdCat>Clothing</ProdCat>
    <SubCat>Cap</SubCat>
    <OrderQtr>Q4</OrderQtr>
  </table>
  <table>
    <Sales>7649.0400</Sales>
    <OrderYear>2003</OrderYear>
    <ProdCat>Accessory</ProdCat>
    <SubCat>Fenders</SubCat>
    <OrderQtr>Q3</OrderQtr>
  </table>
  <table>
    <Sales>1767.3800</Sales>
    <OrderYear>2004</OrderYear>
    <ProdCat>Accessory</ProdCat>
    <SubCat>Bottles &amp; Cages</SubCat>
    <OrderQtr>Q3</OrderQtr>
  </table>
  <table>
    <Sales>18689.6960</Sales>
    <OrderYear>2004</OrderYear>
    <ProdCat>Accessory</ProdCat>
    <SubCat>Bottles &amp; Cages</SubCat>
    <OrderQtr>Q2</OrderQtr>
  </table>
  <table>
    <Sales>342146.1254</Sales>
    <OrderYear>2004</OrderYear>
    <ProdCat>Component</ProdCat>
    <SubCat>Road Frame</SubCat>
    <OrderQtr>Q2</OrderQtr>
  </table>
  <table>
    <Sales>23240.1260</Sales>
    <OrderYear>2003</OrderYear>
    <ProdCat>Clothing</ProdCat>
    <SubCat>Shorts</SubCat>
    <OrderQtr>Q2</OrderQtr>
  </table>
  <table>
    <Sales>23044.2690</Sales>
    <OrderYear>2004</OrderYear>
    <ProdCat>Clothing</ProdCat>
    <SubCat>Gloves</SubCat>
    <OrderQtr>Q2</OrderQtr>
  </table>
  <table>
    <Sales>4298.5712</Sales>
    <OrderYear>2003</OrderYear>
    <ProdCat>Component</ProdCat>
    <SubCat>Chain</SubCat>
    <OrderQtr>Q3</OrderQtr>
  </table>
  <table>
    <Sales>107540.2804</Sales>
    <OrderYear>2004</OrderYear>
    <ProdCat>Clothing</ProdCat>
    <SubCat>Jersey</SubCat>
    <OrderQtr>Q1</OrderQtr>
  </table>
  <table>
    <Sales>77929.1891</Sales>
    <OrderYear>2003</OrderYear>
    <ProdCat>Component</ProdCat>
    <SubCat>Wheel</SubCat>
    <OrderQtr>Q1</OrderQtr>
  </table>
  <table>
    <Sales>6165.5172</Sales>
    <OrderYear>2004</OrderYear>
    <ProdCat>Component</ProdCat>
    <SubCat>Saddle</SubCat>
    <OrderQtr>Q1</OrderQtr>
  </table>
  <table>
    <Sales>4766.8200</Sales>
    <OrderYear>2003</OrderYear>
    <ProdCat>Accessory</ProdCat>
    <SubCat>Cleaners</SubCat>
    <OrderQtr>Q4</OrderQtr>
  </table>
  <table>
    <Sales>1763.1180</Sales>
    <OrderYear>2003</OrderYear>
    <ProdCat>Accessory</ProdCat>
    <SubCat>Pumps</SubCat>
    <OrderQtr>Q1</OrderQtr>
  </table>
  <table>
    <Sales>49210.8510</Sales>
    <OrderYear>2003</OrderYear>
    <ProdCat>Component</ProdCat>
    <SubCat>Pedals</SubCat>
    <OrderQtr>Q4</OrderQtr>
  </table>
  <table>
    <Sales>29695.4189</Sales>
    <OrderYear>2003</OrderYear>
    <ProdCat>Clothing</ProdCat>
    <SubCat>Gloves</SubCat>
    <OrderQtr>Q3</OrderQtr>
  </table>
  <table>
    <Sales>932114.6486</Sales>
    <OrderYear>2003</OrderYear>
    <ProdCat>Component</ProdCat>
    <SubCat>Road Frame</SubCat>
    <OrderQtr>Q3</OrderQtr>
  </table>
  <table>
    <Sales>4234558.7022</Sales>
    <OrderYear>2003</OrderYear>
    <ProdCat>Bike</ProdCat>
    <SubCat>Road Bike</SubCat>
    <OrderQtr>Q4</OrderQtr>
  </table>
  <table>
    <Sales>4619126.3232</Sales>
    <OrderYear>2004</OrderYear>
    <ProdCat>Bike</ProdCat>
    <SubCat>Touring Bike</SubCat>
    <OrderQtr>Q2</OrderQtr>
  </table>
  <table>
    <Sales>8268.0000</Sales>
    <OrderYear>2004</OrderYear>
    <ProdCat>Accessory</ProdCat>
    <SubCat>Bike Stand</SubCat>
    <OrderQtr>Q1</OrderQtr>
  </table>
  <table>
    <Sales>22933.7100</Sales>
    <OrderYear>2003</OrderYear>
    <ProdCat>Component</ProdCat>
    <SubCat>Brakes</SubCat>
    <OrderQtr>Q4</OrderQtr>
  </table>
  <table>
    <Sales>41940.8860</Sales>
    <OrderYear>2003</OrderYear>
    <ProdCat>Accessory</ProdCat>
    <SubCat>Tires &amp; Tubes</SubCat>
    <OrderQtr>Q3</OrderQtr>
  </table>
  <table>
    <Sales>4527762.0096</Sales>
    <OrderYear>2003</OrderYear>
    <ProdCat>Bike</ProdCat>
    <SubCat>Touring Bike</SubCat>
    <OrderQtr>Q3</OrderQtr>
  </table>
  <table>
    <Sales>2651.0352</Sales>
    <OrderYear>2004</OrderYear>
    <ProdCat>Component</ProdCat>
    <SubCat>Chain</SubCat>
    <OrderQtr>Q2</OrderQtr>
  </table>
  <table>
    <Sales>11935.5480</Sales>
    <OrderYear>2003</OrderYear>
    <ProdCat>Accessory</ProdCat>
    <SubCat>Bottles &amp; Cages</SubCat>
    <OrderQtr>Q3</OrderQtr>
  </table>
  <table>
    <Sales>2400.0000</Sales>
    <OrderYear>2004</OrderYear>
    <ProdCat>Accessory</ProdCat>
    <SubCat>Bike Racks</SubCat>
    <OrderQtr>Q3</OrderQtr>
  </table>
  <table>
    <Sales>15.0000</Sales>
    <OrderYear>2003</OrderYear>
    <ProdCat>Accessory</ProdCat>
    <SubCat>Locks</SubCat>
    <OrderQtr>Q4</OrderQtr>
  </table>
  <table>
    <Sales>47006.2687</Sales>
    <OrderYear>2003</OrderYear>
    <ProdCat>Clothing</ProdCat>
    <SubCat>Gloves</SubCat>
    <OrderQtr>Q2</OrderQtr>
  </table>
  <table>
    <Sales>233.9740</Sales>
    <OrderYear>2004</OrderYear>
    <ProdCat>Clothing</ProdCat>
    <SubCat>Bib-Short </SubCat>
    <OrderQtr>Q2</OrderQtr>
  </table>
  <table>
    <Sales>7578.9296</Sales>
    <OrderYear>2004</OrderYear>
    <ProdCat>Clothing</ProdCat>
    <SubCat>Cap</SubCat>
    <OrderQtr>Q1</OrderQtr>
  </table>
  <table>
    <Sales>19746.0184</Sales>
    <OrderYear>2003</OrderYear>
    <ProdCat>Clothing</ProdCat>
    <SubCat>Jersey</SubCat>
    <OrderQtr>Q1</OrderQtr>
  </table>
  <table>
    <Sales>11925.0000</Sales>
    <OrderYear>2003</OrderYear>
    <ProdCat>Accessory</ProdCat>
    <SubCat>Bike Stand</SubCat>
    <OrderQtr>Q4</OrderQtr>
  </table>
  <table>
    <Sales>17915.7420</Sales>
    <OrderYear>2004</OrderYear>
    <ProdCat>Accessory</ProdCat>
    <SubCat>Hydration Pack</SubCat>
    <OrderQtr>Q1</OrderQtr>
  </table>
  <table>
    <Sales>2205.0000</Sales>
    <OrderYear>2003</OrderYear>
    <ProdCat>Accessory</ProdCat>
    <SubCat>Locks</SubCat>
    <OrderQtr>Q1</OrderQtr>
  </table>
  <table>
    <Sales>350.9610</Sales>
    <OrderYear>2003</OrderYear>
    <ProdCat>Clothing</ProdCat>
    <SubCat>Bib-Short </SubCat>
    <OrderQtr>Q3</OrderQtr>
  </table>
  <table>
    <Sales>32942.5800</Sales>
    <OrderYear>2003</OrderYear>
    <ProdCat>Component</ProdCat>
    <SubCat>Brakes</SubCat>
    <OrderQtr>Q3</OrderQtr>
  </table>
  <table>
    <Sales>1902.1552</Sales>
    <OrderYear>2004</OrderYear>
    <ProdCat>Component</ProdCat>
    <SubCat>Chain</SubCat>
    <OrderQtr>Q1</OrderQtr>
  </table>
  <table>
    <Sales>4804014.6788</Sales>
    <OrderYear>2004</OrderYear>
    <ProdCat>Bike</ProdCat>
    <SubCat>Mountain Bike</SubCat>
    <OrderQtr>Q2</OrderQtr>
  </table>
  <table>
    <Sales>25858.9065</Sales>
    <OrderYear>2003</OrderYear>
    <ProdCat>Accessory</ProdCat>
    <SubCat>Helmet</SubCat>
    <OrderQtr>Q2</OrderQtr>
  </table>
  <table>
    <Sales>4995.7800</Sales>
    <OrderYear>2004</OrderYear>
    <ProdCat>Accessory</ProdCat>
    <SubCat>Cleaners</SubCat>
    <OrderQtr>Q2</OrderQtr>
  </table>
  <table>
    <Sales>46493.9632</Sales>
    <OrderYear>2004</OrderYear>
    <ProdCat>Component</ProdCat>
    <SubCat>Pedals</SubCat>
    <OrderQtr>Q2</OrderQtr>
  </table>
  <table>
    <Sales>16451.6578</Sales>
    <OrderYear>2003</OrderYear>
    <ProdCat>Component</ProdCat>
    <SubCat>Bottom Bracket</SubCat>
    <OrderQtr>Q4</OrderQtr>
  </table>
  <table>
    <Sales>2222.5000</Sales>
    <OrderYear>2004</OrderYear>
    <ProdCat>Clothing</ProdCat>
    <SubCat>Vest</SubCat>
    <OrderQtr>Q3</OrderQtr>
  </table>
  <table>
    <Sales>66882.3544</Sales>
    <OrderYear>2003</OrderYear>
    <ProdCat>Component</ProdCat>
    <SubCat>Pedals</SubCat>
    <OrderQtr>Q3</OrderQtr>
  </table>
  <table>
    <Sales>4134759.1739</Sales>
    <OrderYear>2003</OrderYear>
    <ProdCat>Bike</ProdCat>
    <SubCat>Mountain Bike</SubCat>
    <OrderQtr>Q3</OrderQtr>
  </table>
  <table>
    <Sales>3822295.2458</Sales>
    <OrderYear>2004</OrderYear>
    <ProdCat>Bike</ProdCat>
    <SubCat>Road Bike</SubCat>
    <OrderQtr>Q1</OrderQtr>
  </table>
  <table>
    <Sales>97182.8640</Sales>
    <OrderYear>2004</OrderYear>
    <ProdCat>Component</ProdCat>
    <SubCat>Road Frame</SubCat>
    <OrderQtr>Q1</OrderQtr>
  </table>
  <table>
    <Sales>697341.3754</Sales>
    <OrderYear>2003</OrderYear>
    <ProdCat>Component</ProdCat>
    <SubCat>Mountain Frame</SubCat>
    <OrderQtr>Q4</OrderQtr>
  </table>
  <table>
    <Sales>83.2981</Sales>
    <OrderYear>2003</OrderYear>
    <ProdCat>Component</ProdCat>
    <SubCat>Wheel</SubCat>
    <OrderQtr>Q4</OrderQtr>
  </table>
  <table>
    <Sales>78672.0000</Sales>
    <OrderYear>2003</OrderYear>
    <ProdCat>Accessory</ProdCat>
    <SubCat>Bike Racks</SubCat>
    <OrderQtr>Q3</OrderQtr>
  </table>
  <table>
    <Sales>11583.4600</Sales>
    <OrderYear>2004</OrderYear>
    <ProdCat>Accessory</ProdCat>
    <SubCat>Fenders</SubCat>
    <OrderQtr>Q1</OrderQtr>
  </table>
  <table>
    <Sales>47321.2415</Sales>
    <OrderYear>2003</OrderYear>
    <ProdCat>Clothing</ProdCat>
    <SubCat>Bib-Short </SubCat>
    <OrderQtr>Q2</OrderQtr>
  </table>
  <table>
    <Sales>1932.8328</Sales>
    <OrderYear>2003</OrderYear>
    <ProdCat>Clothing</ProdCat>
    <SubCat>Cap</SubCat>
    <OrderQtr>Q1</OrderQtr>
  </table>
  <table>
    <Sales>91338.4000</Sales>
    <OrderYear>2003</OrderYear>
    <ProdCat>Clothing</ProdCat>
    <SubCat>Vest</SubCat>
    <OrderQtr>Q3</OrderQtr>
  </table>
  <table>
    <Sales>224.7500</Sales>
    <OrderYear>2004</OrderYear>
    <ProdCat>Clothing</ProdCat>
    <SubCat>Socks</SubCat>
    <OrderQtr>Q3</OrderQtr>
  </table>
  <table>
    <Sales>27000.6464</Sales>
    <OrderYear>2004</OrderYear>
    <ProdCat>Component</ProdCat>
    <SubCat>Handlebars  </SubCat>
    <OrderQtr>Q2</OrderQtr>
  </table>
  <table>
    <Sales>102680.0390</Sales>
    <OrderYear>2004</OrderYear>
    <ProdCat>Accessory</ProdCat>
    <SubCat>Helmet</SubCat>
    <OrderQtr>Q2</OrderQtr>
  </table>
  <table>
    <Sales>75512.2950</Sales>
    <OrderYear>2004</OrderYear>
    <ProdCat>Clothing</ProdCat>
    <SubCat>Vest</SubCat>
    <OrderQtr>Q2</OrderQtr>
  </table>
  <table>
    <Sales>53895.8315</Sales>
    <OrderYear>2003</OrderYear>
    <ProdCat>Component</ProdCat>
    <SubCat>Handlebars  </SubCat>
    <OrderQtr>Q3</OrderQtr>
  </table>
  <table>
    <Sales>243.7175</Sales>
    <OrderYear>2003</OrderYear>
    <ProdCat>Clothing</ProdCat>
    <SubCat>Tights</SubCat>
    <OrderQtr>Q4</OrderQtr>
  </table>
  <table>
    <Sales>9529.6756</Sales>
    <OrderYear>2004</OrderYear>
    <ProdCat>Component</ProdCat>
    <SubCat>Bottom Bracket</SubCat>
    <OrderQtr>Q1</OrderQtr>
  </table>
  <table>
    <Sales>163653.0524</Sales>
    <OrderYear>2003</OrderYear>
    <ProdCat>Component</ProdCat>
    <SubCat>Road Frame</SubCat>
    <OrderQtr>Q1</OrderQtr>
  </table>
  <table>
    <Sales>382198.0860</Sales>
    <OrderYear>2004</OrderYear>
    <ProdCat>Component</ProdCat>
    <SubCat>Mountain Frame</SubCat>
    <OrderQtr>Q1</OrderQtr>
  </table>
  <table>
    <Sales>27429.0120</Sales>
    <OrderYear>2003</OrderYear>
    <ProdCat>Accessory</ProdCat>
    <SubCat>Hydration Pack</SubCat>
    <OrderQtr>Q4</OrderQtr>
  </table>
  <table>
    <Sales>3335088.8166</Sales>
    <OrderYear>2003</OrderYear>
    <ProdCat>Bike</ProdCat>
    <SubCat>Mountain Bike</SubCat>
    <OrderQtr>Q2</OrderQtr>
  </table>
  <table>
    <Sales>9412.3100</Sales>
    <OrderYear>2004</OrderYear>
    <ProdCat>Accessory</ProdCat>
    <SubCat>Helmet</SubCat>
    <OrderQtr>Q3</OrderQtr>
  </table>
  <table>
    <Sales>4163978.7817</Sales>
    <OrderYear>2003</OrderYear>
    <ProdCat>Bike</ProdCat>
    <SubCat>Road Bike</SubCat>
    <OrderQtr>Q1</OrderQtr>
  </table>
  <table>
    <Sales>4355428.2756</Sales>
    <OrderYear>2003</OrderYear>
    <ProdCat>Bike</ProdCat>
    <SubCat>Touring Bike</SubCat>
    <OrderQtr>Q4</OrderQtr>
  </table>
  <table>
    <Sales>7739.1678</Sales>
    <OrderYear>2003</OrderYear>
    <ProdCat>Component</ProdCat>
    <SubCat>Handlebars  </SubCat>
    <OrderQtr>Q1</OrderQtr>
  </table>
  <table>
    <Sales>16105.7420</Sales>
    <OrderYear>2004</OrderYear>
    <ProdCat>Accessory</ProdCat>
    <SubCat>Bottles &amp; Cages</SubCat>
    <OrderQtr>Q1</OrderQtr>
  </table>
  <table>
    <Sales>2740.9008</Sales>
    <OrderYear>2003</OrderYear>
    <ProdCat>Component</ProdCat>
    <SubCat>Chain</SubCat>
    <OrderQtr>Q4</OrderQtr>
  </table>
  <table>
    <Sales>22625.6258</Sales>
    <OrderYear>2003</OrderYear>
    <ProdCat>Component</ProdCat>
    <SubCat>Fork</SubCat>
    <OrderQtr>Q2</OrderQtr>
  </table>
  <table>
    <Sales>54553.5104</Sales>
    <OrderYear>2004</OrderYear>
    <ProdCat>Component</ProdCat>
    <SubCat>Crankset</SubCat>
    <OrderQtr>Q2</OrderQtr>
  </table>
  <table>
    <Sales>6313.6770</Sales>
    <OrderYear>2004</OrderYear>
    <ProdCat>Clothing</ProdCat>
    <SubCat>Socks</SubCat>
    <OrderQtr>Q2</OrderQtr>
  </table>
  <table>
    <Sales>93342.1635</Sales>
    <OrderYear>2003</OrderYear>
    <ProdCat>Clothing</ProdCat>
    <SubCat>Shorts</SubCat>
    <OrderQtr>Q4</OrderQtr>
  </table>
  <table>
    <Sales>61948.1660</Sales>
    <OrderYear>2003</OrderYear>
    <ProdCat>Accessory</ProdCat>
    <SubCat>Tires &amp; Tubes</SubCat>
    <OrderQtr>Q4</OrderQtr>
  </table>
  <table>
    <Sales>454169.0430</Sales>
    <OrderYear>2003</OrderYear>
    <ProdCat>Component</ProdCat>
    <SubCat>Touring Frame</SubCat>
    <OrderQtr>Q4</OrderQtr>
  </table>
  <table>
    <Sales>7706.8573</Sales>
    <OrderYear>2003</OrderYear>
    <ProdCat>Clothing</ProdCat>
    <SubCat>Socks</SubCat>
    <OrderQtr>Q3</OrderQtr>
  </table>
  <table>
    <Sales>7884.4700</Sales>
    <OrderYear>2004</OrderYear>
    <ProdCat>Clothing</ProdCat>
    <SubCat>Jersey</SubCat>
    <OrderQtr>Q3</OrderQtr>
  </table>
  <table>
    <Sales>1133.8488</Sales>
    <OrderYear>2004</OrderYear>
    <ProdCat>Clothing</ProdCat>
    <SubCat>Tights</SubCat>
    <OrderQtr>Q1</OrderQtr>
  </table>
  <table>
    <Sales>1677.9907</Sales>
    <OrderYear>2003</OrderYear>
    <ProdCat>Component</ProdCat>
    <SubCat>Wheel</SubCat>
    <OrderQtr>Q3</OrderQtr>
  </table>
  <table>
    <Sales>85493.4890</Sales>
    <OrderYear>2003</OrderYear>
    <ProdCat>Accessory</ProdCat>
    <SubCat>Helmet</SubCat>
    <OrderQtr>Q3</OrderQtr>
  </table>
  <table>
    <Sales>349.8000</Sales>
    <OrderYear>2004</OrderYear>
    <ProdCat>Accessory</ProdCat>
    <SubCat>Cleaners</SubCat>
    <OrderQtr>Q3</OrderQtr>
  </table>
  <table>
    <Sales>61519.4580</Sales>
    <OrderYear>2004</OrderYear>
    <ProdCat>Accessory</ProdCat>
    <SubCat>Tires &amp; Tubes</SubCat>
    <OrderQtr>Q1</OrderQtr>
  </table>
  <table>
    <Sales>11759.3000</Sales>
    <OrderYear>2003</OrderYear>
    <ProdCat>Accessory</ProdCat>
    <SubCat>Fenders</SubCat>
    <OrderQtr>Q4</OrderQtr>
  </table>
  <table>
    <Sales>4522935.4396</Sales>
    <OrderYear>2004</OrderYear>
    <ProdCat>Bike</ProdCat>
    <SubCat>Road Bike</SubCat>
    <OrderQtr>Q2</OrderQtr>
  </table>
  <table>
    <Sales>37176.0000</Sales>
    <OrderYear>2004</OrderYear>
    <ProdCat>Accessory</ProdCat>
    <SubCat>Bike Racks</SubCat>
    <OrderQtr>Q1</OrderQtr>
  </table>
  <table>
    <Sales>3881965.0944</Sales>
    <OrderYear>2004</OrderYear>
    <ProdCat>Bike</ProdCat>
    <SubCat>Touring Bike</SubCat>
    <OrderQtr>Q1</OrderQtr>
  </table>
  <table>
    <Sales>4441737.8228</Sales>
    <OrderYear>2003</OrderYear>
    <ProdCat>Bike</ProdCat>
    <SubCat>Road Bike</SubCat>
    <OrderQtr>Q3</OrderQtr>
  </table>
  <table>
    <Sales>15683.1900</Sales>
    <OrderYear>2004</OrderYear>
    <ProdCat>Component</ProdCat>
    <SubCat>Brakes</SubCat>
    <OrderQtr>Q2</OrderQtr>
  </table>
  <table>
    <Sales>4273158.6020</Sales>
    <OrderYear>2003</OrderYear>
    <ProdCat>Bike</ProdCat>
    <SubCat>Mountain Bike</SubCat>
    <OrderQtr>Q4</OrderQtr>
  </table>
  <table>
    <Sales>353079.5363</Sales>
    <OrderYear>2003</OrderYear>
    <ProdCat>Component</ProdCat>
    <SubCat>Road Frame</SubCat>
    <OrderQtr>Q4</OrderQtr>
  </table>
  <table>
    <Sales>8598.2302</Sales>
    <OrderYear>2004</OrderYear>
    <ProdCat>Component</ProdCat>
    <SubCat>Derailleur</SubCat>
    <OrderQtr>Q1</OrderQtr>
  </table>
  <table>
    <Sales>13532.3060</Sales>
    <OrderYear>2003</OrderYear>
    <ProdCat>Component</ProdCat>
    <SubCat>Headset</SubCat>
    <OrderQtr>Q1</OrderQtr>
  </table>
  <table>
    <Sales>5247.0000</Sales>
    <OrderYear>2003</OrderYear>
    <ProdCat>Accessory</ProdCat>
    <SubCat>Cleaners</SubCat>
    <OrderQtr>Q3</OrderQtr>
  </table>
  <table>
    <Sales>1749.0000</Sales>
    <OrderYear>2004</OrderYear>
    <ProdCat>Accessory</ProdCat>
    <SubCat>Bike Stand</SubCat>
    <OrderQtr>Q3</OrderQtr>
  </table>
  <table>
    <Sales>25262.5082</Sales>
    <OrderYear>2003</OrderYear>
    <ProdCat>Clothing</ProdCat>
    <SubCat>Gloves</SubCat>
    <OrderQtr>Q4</OrderQtr>
  </table>
  <table>
    <Sales>10653.0000</Sales>
    <OrderYear>2004</OrderYear>
    <ProdCat>Accessory</ProdCat>
    <SubCat>Bike Stand</SubCat>
    <OrderQtr>Q2</OrderQtr>
  </table>
  <table>
    <Sales>153109.2959</Sales>
    <OrderYear>2004</OrderYear>
    <ProdCat>Clothing</ProdCat>
    <SubCat>Jersey</SubCat>
    <OrderQtr>Q2</OrderQtr>
  </table>
  <table>
    <Sales>202552.8000</Sales>
    <OrderYear>2003</OrderYear>
    <ProdCat>Component</ProdCat>
    <SubCat>Wheel</SubCat>
    <OrderQtr>Q2</OrderQtr>
  </table>
  <table>
    <Sales>16042.9336</Sales>
    <OrderYear>2004</OrderYear>
    <ProdCat>Component</ProdCat>
    <SubCat>Saddle</SubCat>
    <OrderQtr>Q2</OrderQtr>
  </table>
  <table>
    <Sales>99227.5028</Sales>
    <OrderYear>2003</OrderYear>
    <ProdCat>Component</ProdCat>
    <SubCat>Crankset</SubCat>
    <OrderQtr>Q3</OrderQtr>
  </table>
  <table>
    <Sales>71946.9204</Sales>
    <OrderYear>2004</OrderYear>
    <ProdCat>Clothing</ProdCat>
    <SubCat>Shorts</SubCat>
    <OrderQtr>Q1</OrderQtr>
  </table>
  <table>
    <Sales>30827.6391</Sales>
    <OrderYear>2003</OrderYear>
    <ProdCat>Clothing</ProdCat>
    <SubCat>Tights</SubCat>
    <OrderQtr>Q1</OrderQtr>
  </table>
  <table>
    <Sales>224143.1288</Sales>
    <OrderYear>2004</OrderYear>
    <ProdCat>Component</ProdCat>
    <SubCat>Touring Frame</SubCat>
    <OrderQtr>Q1</OrderQtr>
  </table>
  <table>
    <Sales>15997.3980</Sales>
    <OrderYear>2003</OrderYear>
    <ProdCat>Accessory</ProdCat>
    <SubCat>Bottles &amp; Cages</SubCat>
    <OrderQtr>Q4</OrderQtr>
  </table>
  <table>
    <Sales>189558.1379</Sales>
    <OrderYear>2003</OrderYear>
    <ProdCat>Clothing</ProdCat>
    <SubCat>Jersey</SubCat>
    <OrderQtr>Q3</OrderQtr>
  </table>
  <table>
    <Sales>854.0500</Sales>
    <OrderYear>2004</OrderYear>
    <ProdCat>Clothing</ProdCat>
    <SubCat>Cap</SubCat>
    <OrderQtr>Q3</OrderQtr>
  </table>
  <table>
    <Sales>30731.7856</Sales>
    <OrderYear>2003</OrderYear>
    <ProdCat>Component</ProdCat>
    <SubCat>Saddle</SubCat>
    <OrderQtr>Q3</OrderQtr>
  </table>
  <table>
    <Sales>3382.3080</Sales>
    <OrderYear>2003</OrderYear>
    <ProdCat>Accessory</ProdCat>
    <SubCat>Pumps</SubCat>
    <OrderQtr>Q2</OrderQtr>
  </table>
  <table>
    <Sales>21526.1560</Sales>
    <OrderYear>2003</OrderYear>
    <ProdCat>Component</ProdCat>
    <SubCat>Bottom Bracket</SubCat>
    <OrderQtr>Q3</OrderQtr>
  </table>
  <table>
    <Sales>10008.8700</Sales>
    <OrderYear>2004</OrderYear>
    <ProdCat>Component</ProdCat>
    <SubCat>Brakes</SubCat>
    <OrderQtr>Q1</OrderQtr>
  </table>
  <table>
    <Sales>13275.9200</Sales>
    <OrderYear>2004</OrderYear>
    <ProdCat>Accessory</ProdCat>
    <SubCat>Fenders</SubCat>
    <OrderQtr>Q2</OrderQtr>
  </table>
  <table>
    <Sales>73818.7500</Sales>
    <OrderYear>2003</OrderYear>
    <ProdCat>Clothing</ProdCat>
    <SubCat>Vest</SubCat>
    <OrderQtr>Q4</OrderQtr>
  </table>
  <table>
    <Sales>26725.2527</Sales>
    <OrderYear>2003</OrderYear>
    <ProdCat>Component</ProdCat>
    <SubCat>Handlebars  </SubCat>
    <OrderQtr>Q4</OrderQtr>
  </table>
  <table>
    <Sales>1021383.5644</Sales>
    <OrderYear>2003</OrderYear>
    <ProdCat>Component</ProdCat>
    <SubCat>Mountain Frame</SubCat>
    <OrderQtr>Q3</OrderQtr>
  </table>
  <table>
    <Sales>66817.3260</Sales>
    <OrderYear>2004</OrderYear>
    <ProdCat>Accessory</ProdCat>
    <SubCat>Tires &amp; Tubes</SubCat>
    <OrderQtr>Q2</OrderQtr>
  </table>
  <table>
    <Sales>695542.8794</Sales>
    <OrderYear>2004</OrderYear>
    <ProdCat>Component</ProdCat>
    <SubCat>Mountain Frame</SubCat>
    <OrderQtr>Q2</OrderQtr>
  </table>
  <table>
    <Sales>564574.3810</Sales>
    <OrderYear>2003</OrderYear>
    <ProdCat>Component</ProdCat>
    <SubCat>Road Frame</SubCat>
    <OrderQtr>Q2</OrderQtr>
  </table>
  <table>
    <Sales>4786260.7236</Sales>
    <OrderYear>2003</OrderYear>
    <ProdCat>Bike</ProdCat>
    <SubCat>Road Bike</SubCat>
    <OrderQtr>Q2</OrderQtr>
  </table>
  <table>
    <Sales>19467.4760</Sales>
    <OrderYear>2004</OrderYear>
    <ProdCat>Component</ProdCat>
    <SubCat>Pedals</SubCat>
    <OrderQtr>Q1</OrderQtr>
  </table>
  <table>
    <Sales>3843144.3804</Sales>
    <OrderYear>2004</OrderYear>
    <ProdCat>Bike</ProdCat>
    <SubCat>Mountain Bike</SubCat>
    <OrderQtr>Q1</OrderQtr>
  </table>
  <table>
    <Sales>15210.3666</Sales>
    <OrderYear>2003</OrderYear>
    <ProdCat>Bike</ProdCat>
    <SubCat>Touring Bike</SubCat>
    <OrderQtr>Q1</OrderQtr>
  </table>
  <table>
    <Sales>6996.0000</Sales>
    <OrderYear>2003</OrderYear>
    <ProdCat>Accessory</ProdCat>
    <SubCat>Bike Stand</SubCat>
    <OrderQtr>Q3</OrderQtr>
  </table>
  <table>
    <Sales>34086.8767</Sales>
    <OrderYear>2003</OrderYear>
    <ProdCat>Clothing</ProdCat>
    <SubCat>Jersey</SubCat>
    <OrderQtr>Q2</OrderQtr>
  </table>
  <table>
    <Sales>9720.7070</Sales>
    <OrderYear>2004</OrderYear>
    <ProdCat>Clothing</ProdCat>
    <SubCat>Cap</SubCat>
    <OrderQtr>Q2</OrderQtr>
  </table>
  <table>
    <Sales>61680.0000</Sales>
    <OrderYear>2003</OrderYear>
    <ProdCat>Accessory</ProdCat>
    <SubCat>Bike Racks</SubCat>
    <OrderQtr>Q4</OrderQtr>
  </table>
  <table>
    <Sales>12657.2901</Sales>
    <OrderYear>2003</OrderYear>
    <ProdCat>Clothing</ProdCat>
    <SubCat>Shorts</SubCat>
    <OrderQtr>Q1</OrderQtr>
  </table>
  <table>
    <Sales>14956.8602</Sales>
    <OrderYear>2004</OrderYear>
    <ProdCat>Clothing</ProdCat>
    <SubCat>Gloves</SubCat>
    <OrderQtr>Q1</OrderQtr>
  </table>
  <table>
    <Sales>16411.7052</Sales>
    <OrderYear>2004</OrderYear>
    <ProdCat>Component</ProdCat>
    <SubCat>Bottom Bracket</SubCat>
    <OrderQtr>Q2</OrderQtr>
  </table>
  <table>
    <Sales>963.7929</Sales>
    <OrderYear>2003</OrderYear>
    <ProdCat>Clothing</ProdCat>
    <SubCat>Bib-Short </SubCat>
    <OrderQtr>Q4</OrderQtr>
  </table>
  <table>
    <Sales>9333.4175</Sales>
    <OrderYear>2003</OrderYear>
    <ProdCat>Clothing</ProdCat>
    <SubCat>Cap</SubCat>
    <OrderQtr>Q3</OrderQtr>
  </table>
  <table>
    <Sales>3945.0000</Sales>
    <OrderYear>2003</OrderYear>
    <ProdCat>Accessory</ProdCat>
    <SubCat>Locks</SubCat>
    <OrderQtr>Q2</OrderQtr>
  </table>
  <table>
    <Sales>28451.8260</Sales>
    <OrderYear>2004</OrderYear>
    <ProdCat>Accessory</ProdCat>
    <SubCat>Hydration Pack</SubCat>
    <OrderQtr>Q2</OrderQtr>
  </table>
  <table>
    <Sales>779.8960</Sales>
    <OrderYear>2003</OrderYear>
    <ProdCat>Clothing</ProdCat>
    <SubCat>Tights</SubCat>
    <OrderQtr>Q3</OrderQtr>
  </table>
  <table>
    <Sales>4269.3900</Sales>
    <OrderYear>2004</OrderYear>
    <ProdCat>Clothing</ProdCat>
    <SubCat>Shorts</SubCat>
    <OrderQtr>Q3</OrderQtr>
  </table>
  <table>
    <Sales>292.4610</Sales>
    <OrderYear>2004</OrderYear>
    <ProdCat>Clothing</ProdCat>
    <SubCat>Tights</SubCat>
    <OrderQtr>Q2</OrderQtr>
  </table>
  <table>
    <Sales>7825.7664</Sales>
    <OrderYear>2004</OrderYear>
    <ProdCat>Component</ProdCat>
    <SubCat>Handlebars  </SubCat>
    <OrderQtr>Q1</OrderQtr>
  </table>
  <table>
    <Sales>48869.6000</Sales>
    <OrderYear>2004</OrderYear>
    <ProdCat>Clothing</ProdCat>
    <SubCat>Vest</SubCat>
    <OrderQtr>Q1</OrderQtr>
  </table>
  <table>
    <Sales>6686.3125</Sales>
    <OrderYear>2003</OrderYear>
    <ProdCat>Clothing</ProdCat>
    <SubCat>Socks</SubCat>
    <OrderQtr>Q4</OrderQtr>
  </table>
  <table>
    <Sales>543091.7543</Sales>
    <OrderYear>2003</OrderYear>
    <ProdCat>Component</ProdCat>
    <SubCat>Mountain Frame</SubCat>
    <OrderQtr>Q2</OrderQtr>
  </table>
  <table>
    <Sales>23426.1948</Sales>
    <OrderYear>2003</OrderYear>
    <ProdCat>Component</ProdCat>
    <SubCat>Derailleur</SubCat>
    <OrderQtr>Q4</OrderQtr>
  </table>
  <table>
    <Sales>2897809.9349</Sales>
    <OrderYear>2003</OrderYear>
    <ProdCat>Bike</ProdCat>
    <SubCat>Mountain Bike</SubCat>
    <OrderQtr>Q1</OrderQtr>
  </table>
  <table>
    <Sales>1484.7300</Sales>
    <OrderYear>2004</OrderYear>
    <ProdCat>Accessory</ProdCat>
    <SubCat>Hydration Pack</SubCat>
    <OrderQtr>Q3</OrderQtr>
  </table>
  <table>
    <Sales>72872.7578</Sales>
    <OrderYear>2004</OrderYear>
    <ProdCat>Accessory</ProdCat>
    <SubCat>Helmet</SubCat>
    <OrderQtr>Q1</OrderQtr>
  </table>
  <table>
    <Sales>3213.8964</Sales>
    <OrderYear>2003</OrderYear>
    <ProdCat>Clothing</ProdCat>
    <SubCat>Cap</SubCat>
    <OrderQtr>Q2</OrderQtr>
  </table>
  <table>
    <Sales>28785.5515</Sales>
    <OrderYear>2003</OrderYear>
    <ProdCat>Clothing</ProdCat>
    <SubCat>Gloves</SubCat>
    <OrderQtr>Q1</OrderQtr>
  </table>
  <table>
    <Sales>233.9740</Sales>
    <OrderYear>2004</OrderYear>
    <ProdCat>Clothing</ProdCat>
    <SubCat>Bib-Short </SubCat>
    <OrderQtr>Q1</OrderQtr>
  </table>
</DocumentElement>